Ranking,University,Location,Overall Score,Academic Reputation,Employer Reputation,Faculty Student Ratio,International Faculty Ratio,International Students Ratio,Citations per Faculty
1,Massachusetts Institute of Technology (MIT),"Cambridge, United States",100,100,100,100,100,95.5,99.8
2,Stanford University,"Stanford, United States",98.6,100,100,100,99.8,70.5,99
3,Harvard University,"Cambridge, United States",98.5,100,100,99.3,92.1,75.7,99.8
4,California Institute of Technology (Caltech),"Pasadena, United States",97.2,98.7,81.2,100,96.8,90.3,100
5,University of Oxford,"Oxford, United Kingdom",96.8,100,100,100,99.6,98.8,83
6,University of Cambridge,"Cambridge, United Kingdom",95.6,100,100,100,99.4,97.9,77.2
7,ETH Zurich - Swiss Federal Institute of Technology,"Zürich, Switzerland",95.3,98.2,96.2,82.4,100,98.6,98.7
8,Imperial College London,"London, United Kingdom",93.3,98.7,99.9,99.9,100,100,67.8
9,University of Chicago,"Chicago, United States",93.2,99.6,90.7,97.4,74.2,82.5,83.6
10,UCL,"London, United Kingdom",92.9,99.3,99.2,99.2,98.7,100,66.2
11,National University of Singapore (NUS),"Singapore, Singapore",92,99.8,99.1,91.8,100,80.7,72.8
12,"Nanyang Technological University, Singapore (NTU)","Singapore, Singapore",91.3,90.3,92.6,95,100,83.5,87.5
13,Princeton University,"Princeton, United States",90.9,99.9,96.7,70.3,70.1,69.2,100
14,Cornell University,"Ithaca, United States",90.5,98.7,90.5,70.4,93.3,77,95.9
15,Yale University,"New Haven, United States",89.6,99.9,99.7,100,86.3,61.2,60.2
16,Columbia University,"New York City, United States",88.5,99.7,97.4,100,40.4,96.2,59.2
17,Tsinghua University,"Beijing, China (Mainland)",87.2,97,99.4,91.5,60.6,29.2,77.4
18,The University of Edinburgh,"Edinburgh, United Kingdom",86.9,97.3,94,85.5,97.4,98.8,57.2
19,University of Pennsylvania,"Philadelphia, United States",86.5,95.4,92.6,100,72.1,65.2,59.7
20,University of Michigan-Ann Arbor,"Ann Arbor, United States",86.4,98.9,90.2,94.3,82.3,49.8,60.5
21,Johns Hopkins University,"Baltimore, United States",85.9,89.7,56.9,100,79.9,81.6,80.2
22,EPFL,"Lausanne, Switzerland",85.8,72.8,78.2,94.5,100,100,98.9
23,The University of Tokyo,"Tokyo, Japan",85.3,100,99.5,94.2,12.3,25.5,72.2
24,The Australian National University,"Canberra, Australia",84.4,97.1,82.6,47.9,100,99.5,87.8
25,The University of Hong Kong,"Hong Kong, Hong Kong SAR",84.3,96.7,83.7,88.1,100,99.4,47.1
26,Duke University,"Durham, United States",83.9,88.2,74.7,99.3,14.3,55,88.2
27,"University of California, Berkeley (UCB)","Berkeley, United States",83.2,100,99.8,28.9,99.5,46.1,99.9
28,University of Toronto,"Toronto, Canada",83,98.7,94,74.8,96.4,92.9,47.6
29,The University of Manchester,"Manchester, United Kingdom",82.9,94.6,98.5,76,93.2,98.8,51.2
30,Peking University,"Beijing, China (Mainland)",82.6,99,99.8,64,68.2,53.8,69.4
31,King's College London,"London, United Kingdom",82.5,87.7,83.2,85.1,98.6,99.7,59.9
32,"University of California, Los Angeles (UCLA)","Los Angeles, United States",81.9,100,99.1,41.8,56.1,42,92.4
33,McGill University,"Montreal, Canada",81.7,91.4,93.1,73,90.4,96.2,58.3
34,Northwestern University,"Evanston, United States",81.5,85,73.1,99.8,72,54.8,68.4
35,Kyoto University,"Kyoto, Japan",81.2,98.6,93.2,95.7,17.4,18.2,56.6
36,Seoul National University,"Seoul, South Korea",80.6,96.2,92.7,87.7,22.1,14,66.5
37,The Hong Kong University of Science and Technology,"Hong Kong, Hong Kong SAR",80.5,83.6,73,61.8,100,87.9,89
38,The London School of Economics and Political Science (LSE),"London, United Kingdom",80.2,84.2,99.9,47,100,100,84.6
39,The University of Melbourne,"Parkville, Australia",80.1,99,98.8,26.5,97.6,99.9,76.4
40,KAIST - Korea Advanced Institute of Science & Technology,"Daejeon, South Korea",78.7,83.2,78.3,79.5,26.4,9.8,98.5
41,"University of California, San Diego (UCSD)","San Diego, United States",78.6,91.7,56.1,62.1,64.9,70.7,84.5
42,The University of Sydney,"Sydney, Australia",78.3,97.2,97,24.9,100,99.8,72.7
43,New York University (NYU),"New York City, United States",77.7,95.6,91.3,97.3,28.4,90.9,23.7
44,Fudan University,"Shanghai, China (Mainland)",77.6,81.8,95.9,84.7,89.3,39.2,58.6
45,The University of New South Wales (UNSW Sydney),"Sydney, Australia",77,90.4,96.7,23.8,100,97.4,81.6
46,Carnegie Mellon University,"Pittsburgh, United States",76.6,78.5,79,45.7,78.3,100,95.4
47,University of British Columbia,"Vancouver, Canada",75.8,96.7,88.1,37.6,92.2,77.7,60.7
48,The University of Queensland,"Brisbane, Australia",75.7,87.3,79.9,29.9,100,97.6,83.4
49,The Chinese University of Hong Kong (CUHK),"Hong Kong, Hong Kong SAR",75.6,86.1,62.7,75.9,100,91.2,49.5
50,Université PSL,France,75.1,80.3,99.3,99.9,67.7,84.2,26.6
51,University of Bristol,"Bristol, United Kingdom",74.9,75.6,89.4,75.9,84.4,66.4,63.8
52,Delft University of Technology,"Delft, Netherlands",73.3,69.3,83.9,48.5,98.6,86.7,90.2
53,University of Wisconsin-Madison,"Madison, United States",73.2,88.5,51.2,87.4,58.8,30.6,52.6
54,The University of Warwick,"Coventry, United Kingdom",72.9,73.8,96.1,62.4,98.4,99.3,56.1
55,City University of Hong Kong,"Hong Kong, Hong Kong SAR",72.1,55.6,39.2,90.9,100,97.3,88.7
56,Brown University,"Providence, United States",72,62.5,52.7,81.2,88.1,58.3,89.8
57,University of Amsterdam,"Amsterdam, Netherlands",71.1,79.2,51.8,58.5,80.1,40.3,81.6
58,Tokyo Institute of Technology (Tokyo Tech),"Tokyo, Japan",71,74.6,80,90.4,31,27.1,59.8
=59,Monash University,"Melbourne, Australia",70.4,86.7,93.1,15.3,100,99,65.9
=59,Shanghai Jiao Tong University,"Shanghai, China (Mainland)",70.4,77.8,96.1,39.4,77.4,15.6,85
61,Technical University of Munich,"Munich, Germany",70,78.1,98.3,88.8,59.5,63.9,23.9
62,Ludwig-Maximilians-Universität München,"Munich, Germany",69.4,90,84.4,51.8,60.2,38.8,47.1
63,University of Texas at Austin,"Austin, United States",68.7,93.8,78.1,14.7,7.3,20.4,94.1
64,Ruprecht-Karls-Universität Heidelberg,"Heidelberg, Germany",68,78.4,55.4,91.4,53.6,52.4,36.8
65,Ecole Polytechnique,"Palaiseau, France",67.9,46.8,99.7,99.9,95.4,95.8,47.3
66,University of Washington,"Seattle, United States",67.8,85,46.5,21,58.6,38.4,99.5
67,Osaka University,"Osaka City, Japan",67.7,79.4,70.5,81.3,23.9,15.5,52.2
68,Zhejiang University,"Hangzhou, China (Mainland)",67.5,65.6,85,60.9,86.9,45.1,69.2
=69,Georgia Institute of Technology,"Atlanta, United States",67.4,73.5,74.6,23.5,42.4,70.9,100
=69,University of Glasgow,"Glasgow, United Kingdom",67.4,70.4,59.6,60.7,94.3,96.7,57.2
71,University of Illinois at Urbana-Champaign,"Champaign, United States",67,89.1,53.6,15.9,20.7,70,90.7
72,National Taiwan University (NTU),"Taipei City, Taiwan",66.3,88.6,70.7,40.2,16.6,19.8,68.7
73,Universidad de Buenos Aires (UBA),"Buenos Aires, Argentina",66.2,86.1,91.6,79.1,53.4,68.5,2.5
74,Durham University,"Durham, United Kingdom",65.7,57.1,94.1,38,95.5,87.5,82.5
=75,Sorbonne University,France,64.8,88.4,46.6,59.4,41.4,54.6,39.7
=75,The University of Sheffield,"Sheffield, United Kingdom",64.8,61,64.1,64.5,88.9,94.2,58.8
77,Tohoku University,"Sendai City, Japan",64.3,68.7,61.8,98.4,14.5,18.2,45.7
78,University of Zurich,"Zürich, Switzerland",63.6,55.6,70.8,99,100,59.2,31.8
=79,University of Birmingham,"Birmingham, United Kingdom",63.5,63.6,84.9,53.6,91.5,88.2,48.5
=79,University of Copenhagen,"Copenhagen, Denmark",63.5,67.2,47,99.9,91.6,28,28.8
81,KU Leuven,"Leuven, Belgium",63.4,76.5,60.8,13.4,89.6,39.8,87.1
82,University of Nottingham,"Nottingham, United Kingdom",63.1,61.3,79.5,60.4,93.5,83.8,47.5
=83,Pohang University of Science And Technology (POSTECH),"Pohang , South Korea",63,38.7,49.2,99.8,46.6,5.4,99.6
=83,"University of North Carolina, Chapel Hill","Chapel Hill, United States",63,68.1,43.1,95.5,31.7,12.7,49.6
85,The University of Auckland,"Auckland, New Zealand",62.8,82.7,59.4,21.3,87,91.3,52.3
86,Korea University,"Seoul, South Korea",62.7,66.7,84.7,86.8,16.9,44.2,34.8
=87,Rice University,"Houston, United States",62.6,38.7,18.5,85.6,89.6,85.3,96
=87,Universiti Malaya (UM),"Kuala Lumpur, Malaysia",62.6,63.9,57.7,93.5,55.9,61.2,32.6
89,The Ohio State University,"Columbus, United States",62.4,64.8,55.6,81.7,81.8,41.2,41.3
90,Lomonosov Moscow State University,"Moscow, Russia",62.3,71.3,78.2,99.7,16.6,73.1,6.7
91,The University of Western Australia,"Perth, Australia",62.2,60,58.6,24,100,94.7,88.4
92,Lund University,"Lund, Sweden",62.1,67.2,52.6,57.4,89.6,71.8,51.2
=93,Boston University,"Boston, United States",62,62.4,66,70.8,28.6,87,51.9
=93,University of Leeds,"Leeds, United Kingdom",62,67.1,83.8,49.9,84.6,81.6,41.7
95,Pennsylvania State University,"University Park, United States",61.9,77.7,70.4,26.8,14.1,40.3,77.8
96,University of Southampton,"Southampton, United Kingdom",61.6,53.1,53.4,65.5,95.3,89.4,62.4
97,University of St Andrews,"St. Andrews, United Kingdom",61.4,43.2,47.7,69,99,99.9,77
98,University of Science and Technology of China,"Hefei, China (Mainland)",60.8,53.7,35.9,74.2,15.9,5.9,98.4
99,Eindhoven University of Technology,"Eindhoven, Netherlands",59.8,29.7,51.2,82.1,97.7,47.5,94.9
=100,Purdue University,"West Lafayette, United States",59.5,65.7,60.7,35.2,97.5,69.2,58.3
=100,Sungkyunkwan University(SKKU),"Suwon, South Korea",59.5,55,81.8,88.3,21.1,34,43.5
=100,"University of California, Davis","Davis, United States",59.5,71.4,40.4,33.8,56.7,49.5,73.5
=100,Washington University in St. Louis,"St. Louis, United States",59.5,43.4,18.7,99.8,74.1,60.1,67.2
=104,KTH Royal Institute of Technology,"Stockholm, Sweden",59.3,45.5,69.5,60.5,95.1,42.6,75.2
=104,"Trinity College Dublin, The University of Dublin","Dublin, Ireland",59.3,58.8,55.6,39.9,98.7,91.2,63.1
106,The Hong Kong Polytechnic University,"Hong Kong, Hong Kong SAR",59.1,58,39.3,65.2,99.6,78.6,49.2
107,Yonsei University,"Seoul, South Korea",58.9,59.8,81.6,86.1,17.2,38,33.4
108,University of Geneva,"Geneva, Switzerland",58.4,48,27.8,56.9,100,98.6,75
109,University of Alberta,"Edmonton, Canada",58.1,56.9,45.7,60.7,93.4,81.3,48.5
110,University of Helsinki,"Helsinki, Finland",57.9,61.7,46.9,74.8,56.7,8.2,51
111,Nagoya University,"Nagoya, Japan",57.3,60.9,45.7,95.8,17.8,21,35.4
112,Technical University of Denmark,"Kongens Lyngby, Denmark",57.1,27.8,30.4,99.9,99.3,79.4,69.6
113,Universidad Nacional Autónoma de México  (UNAM),"Mexico City, Mexico",56.8,89.3,87.1,50.8,20.4,3.9,4
114,The University of Adelaide,"Adelaide, Australia",56.6,56.8,46.7,31.1,97,99,65.2
115,University of Southern California,"Los Angeles, United States",56.2,57,51.4,40.4,45.5,87.1,66.9
116,"KIT, Karlsruhe Institute of Technology","Karlsruhe, Germany",55.9,46,92.4,38.3,61.6,63.3,71
117,Uppsala University,"Uppsala, Sweden",55.8,63.3,37.1,47.3,62.2,45.3,58.9
118,Universidade de São Paulo,"São Paulo, Brazil",55.5,87.2,80.4,28.2,9.6,4.3,30.7
119,Queen Mary University of London,"London, United Kingdom",55.4,50,42.4,48.2,97.2,99.5,57.5
120,University of Groningen,"Groningen, Netherlands",55.2,47.7,30.3,62.7,93.6,99.4,53.6
121,Humboldt-Universität zu Berlin,"Berlin, Germany",55.1,86.9,57.8,13.6,60.7,36.9,33.9
=122,Leiden University,"Leiden, Netherlands",55,65.1,29.1,33.6,78.5,43.3,65.4
=122,Nanjing University,"Nanjing, China (Mainland)",55,58.5,41.2,26.2,75.3,16.3,87.8
124,Utrecht University,"Utrecht, Netherlands",54.5,59.8,37.7,46.4,46.1,25.1,69.3
125,Wageningen University & Research,"Wageningen, Netherlands",54.4,37.3,18.1,95.8,38.4,86.6,60.6
=126,Kyushu University,"Fukuoka City, Japan",54.1,54.8,56.6,89.8,17.7,21.5,32.4
=126,"University of Maryland, College Park","College Park, United States",54.1,54.8,29.1,52.5,30.6,29,78
=128,Chalmers University of Technology,"Gothenburg, Sweden",53.6,28.8,67.3,69.4,94,56.1,69
=128,Hokkaido University,"Sapporo, Japan",53.6,55.5,54.6,87.2,19.5,14.6,33.3
130,Freie Universitaet Berlin,"Berlin, Germany",53.4,78.4,49.1,6.8,64,50.5,49.6
131,Lancaster University,"Lancaster, United Kingdom",53,38.8,32.8,51.6,95.4,98.1,70.4
=132,Pontificia Universidad Católica de Chile (UC),"Santiago, Chile",52.9,83,93.4,32.6,20,5.1,12.1
=132,"University of California, Santa Barbara (UCSB)","Santa Barbara, United States",52.9,64.6,16.7,13,50.6,20.8,95.5
134,University of York,"York, United Kingdom",52.4,42.9,44.2,57.9,92,68.2,55.6
135,University of Oslo,"Oslo, Norway",51.9,49.2,26.1,69.9,82.6,36.5,47.8
136,University of Pittsburgh,"Pittsburgh, United States",51.8,44.5,20.5,98.7,29.5,22.6,47.5
137,CentraleSupélec,"Saint-Aubin, France",51.5,17.4,100,87.7,74.3,90.6,43.1
138,Ghent University,"Ghent, Belgium",51.3,48.9,33,83.2,62.8,20.3,37.3
139,University of Bern,"Bern, Switzerland",51.1,28.8,34.6,54.7,100,48.3,88.1
140,Aalto University,"Espoo, Finland",50.8,36.4,48.2,56.6,85.4,39.4,68.6
=141,Aarhus University,Denmark,50.7,49.6,48.6,51.5,85,23.7,50.7
=141,Michigan State University,"East Lansing, United States",50.7,61.4,54.8,19.3,65,42.7,56.3
=141,Newcastle University,"Newcastle upon Tyne, United Kingdom",50.7,38.8,62.2,62.2,93,79.1,39.1
144,RWTH Aachen University,"Aachen, Germany",50.4,56.4,97.7,21.8,39.2,64.9,42.1
145,Cardiff University,"Cardiff, United Kingdom",50.3,47.5,44.7,56.3,72,79.8,39.3
146,McMaster University,"Hamilton, Canada",50.1,39.5,44.1,81,97.8,42,32.9
147,Technische Universität Berlin (TU Berlin),"Berlin, Germany",49.9,52.3,80.2,45.6,35.2,60.3,34.8
148,Emory University,"Atlanta, United States",49.6,27.2,12.3,99.6,52.7,47.4,62
=149,Université de Montréal,"Montreal, Canada",49.5,52.9,54.6,41.6,95.8,68,31.1
=149,University of Lausanne,"Lausanne, Switzerland",49.5,33.4,20.9,82.3,99.5,72.7,44.2
=151,Hanyang University,"Seoul, South Korea",49.4,43.5,67.8,78.6,27.6,37.3,30.6
153,École Normale Supérieure de Lyon,"Lyon, France",49.2,37.5,11.7,99.3,71,26.3,40.8
=154,The Hebrew University of Jerusalem,"Jerusalem, Israel",49.1,40.1,31.9,81.8,67.1,13.8,46.8
=154,The University of Exeter,"Exeter, United Kingdom",49.1,36.5,65.1,36.4,92.9,83.3,58.8
=156,Politecnico di Milano,"Milan, Italy",48.7,57.1,85.9,7.5,45.8,44.3,55.8
=156,University of Minnesota Twin Cities,"Minneapolis, United States",48.7,66.9,25.6,27.3,8.1,21.5,61.8
158,University of Bath,"Bath, United Kingdom",48.6,35.5,71.6,28.3,97.4,91.2,59.9
159,Universidad Autónoma de Madrid,"Madrid, Spain",48.5,63.2,69,47.8,11.6,25.7,23.7
=160,University of Basel,"Basel, Switzerland",48.4,29.9,23.4,31.6,100,84.7,92
=160,University of Technology Sydney,"Haymarket, Australia",48.4,41.3,83.5,11.7,98.8,94.4,57
162,Indian Institute of Technology Bombay (IITB),"Mumbai, India",48.2,52.5,72.9,43.3,4.4,1.8,54.1
=163,National Tsing Hua University,"Hsinchu City, Taiwan",48,44.5,47,25.9,32.5,17.9,88.2
=163,University of Waterloo,"Waterloo, Canada",48,38,70.7,9.2,79.6,83.9,77.9
164,University of Liverpool,"Liverpool, United Kingdom",47.9,40,56.1,56.1,87.2,94.8,38.4
165,Université catholique de Louvain (UCLouvain),"Louvain-la-Neuve, Belgium",47.9,48.6,45.6,15.6,90.8,52.3,67.6
166,Universitat de Barcelona,"Barcelona, Spain",47.8,69.9,48.9,34,6.4,32.7,30.1
167,Sant'Anna - Scuola Universitaria Superiore Pisa,"Pisa, Italy",47.7,14.9,9,94.4,2.1,46.1,97.1
168,Eberhard Karls Universität Tübingen,"Tübingen, Germany",47.6,45.1,28.4,90.5,61.5,35.9,18
169,"University of California, Irvine","Irvine, United States",47.5,46.1,21.6,13.7,52.4,84.6,86
170,Indian Institute of Science,"Bangalore, India",47.1,35,16.3,55.8,1.6,2,100
171,University of Bergen,"Bergen, Norway",46.8,30.8,11,81,88.1,14.5,59.8
=172,Indian Institute of Technology Delhi (IITD),"New Delhi, India",46.6,46.8,65.5,21,3.1,1.6,84
=172,University of Aberdeen,"Aberdeen, United Kingdom",46.6,28.6,33.1,48.3,97.7,96.5,62
=172,University of Twente,"Enschede, Netherlands",46.6,21.5,24.9,44.5,92.4,77.1,90.2
=175,Scuola Normale Superiore,"Pisa, Italy",46.4,19,7.2,99.6,11.9,23.3,81.6
=175,University of Vienna,"Vienna, Austria",46.4,60.8,35.7,26.6,98.4,93.4,17.4
=175,University of Otago,"Dunedin, New Zealand",46.4,48.6,40.1,21.7,100,65.6,50.9
178,Tecnológico de Monterrey,"Monterrey, Mexico",46.2,33.2,82.3,88.4,99.6,22.2,3.9
179,Erasmus University Rotterdam,"Rotterdam, Netherlands",46.1,34.1,45.4,43.1,74.1,71.6,59.3
=180,Queen's University Belfast,United Kingdom,45.9,27.3,37.6,44.3,99.5,96.9,62.3
=180,Alma Mater Studiorum - University of Bologna,"Bologna, Italy",45.9,72.1,49.6,7.3,10.5,14.6,46.2
=180,University of Florida,"Gainesville, United States",45.9,48.2,35.7,71.5,21.6,17.8,33.1
183,Dartmouth College,"Hanover, United States",45.8,21.9,34.5,79.5,5,37.4,77
=184,Universiti Kebangsaan Malaysia (UKM),"Bangi, Malaysia",45.5,47.4,33.6,80.9,44.1,38.4,13.7
=184,University of Rochester,"Rochester, United States",45.5,24.4,9.3,100,60.7,89.3,36
=186,Case Western Reserve University,"Cleveland, United States",45.4,20.6,11.3,97.4,43.2,72.2,53.5
=186,Albert-Ludwigs-Universitaet Freiburg,"Freiburg im Breisgau, Germany",45.4,50.1,27,33.9,59.3,45.9,52.5
188,Vrije Universiteit Brussel (VUB),"Brussels, Belgium",45.2,24.2,29.4,95.6,84.1,65.4,29.2
189,King Fahd University of Petroleum & Minerals,"Dhahran, Saudi Arabia",45.1,24.4,29.7,93.9,100,35.9,33.6
190,University of Colorado Boulder,"Boulder, United States",45,37.5,30,69.4,38.4,15.7,51.5
191,Technische Universität Dresden,"Dresden, Germany",44.9,33.4,72.5,82.4,35.5,36.4,20.7
192,University of Virginia,"Charlottesville, United States",44.8,38.6,40.1,65.2,29.5,17,49.5
=193,Universitat Autònoma de Barcelona,"Barcelona, Spain",44.7,63,35.9,21,26.4,28.3,44.1
=193,University College Dublin,"Dublin, Ireland",44.7,42.4,49,27.1,96.2,65.1,46.2
=195,University of Reading,"Reading, United Kingdom",44.4,33.6,41.6,38.3,93.5,91.2,49.1
=195,Vanderbilt University,"Nashville, United States",44.4,29.1,20,100,25.7,36,37.6
197,University of Göttingen,"Göttingen, Germany",44.3,50.1,19.7,68.5,47,27.5,23.8
198,Keio University,"Tokyo, Japan",44.1,51.1,77,63.5,13.4,11.1,9.7
199,Technische Universität Wien,"Vienna, Austria",44,30.3,61.9,6.7,74.1,91.4,79.6
=200,Stockholm University,"Stockholm, Sweden",43.9,51.8,20.3,29.5,78.7,17.5,51.6
=200,University of Cape Town,"Cape Town, South Africa",43.9,45.6,47.7,31,72.1,44.8,43.8
202,Universiti Putra Malaysia (UPM),"Seri Kembangan, Malaysia",43.8,41,33.2,67.3,55.9,74.4,19.7
203,Texas A&M University,"Galveston, United States",43.5,59.1,48,14.1,20.3,14.5,51.8
=204,Radboud University,"Nijmegen, Netherlands",43.3,29.4,13.4,50.2,55.3,28.4,79.5
=204,Universidade Estadual de Campinas (Unicamp),"Campinas, Brazil",43.3,65.6,45.2,27,11.1,5.1,31
206,Complutense University of Madrid,"Madrid, Spain",43.2,65.6,73,24.8,3.4,29.5,14.9
207,Universiti Sains Malaysia (USM),"Gelugor, Malaysia",43,45.9,40.9,64.3,36,37.5,19.6
=208,National Chiao Tung University,"Hsinchu City, Taiwan",42.6,26.7,37.1,52.3,38.5,43,68
=208,Universidad de Chile,"Santiago, Chile",42.6,68.8,84.1,14.4,11.4,8.3,13.6
=208,Waseda University,"Tokyo, Japan",42.6,56.1,86,33.1,30.2,34.5,8.2
211,Maastricht University,"Maastricht, Netherlands",42.5,21.8,22.7,28.8,97.5,100,78.9
=212,Arizona State University,"Phoenix, United States",42.3,41.6,27,12.2,64.5,61.6,70.6
=212,University of Notre Dame,"Notre Dame, United States",42.3,30.3,30.8,58.6,61.9,20.8,55.6
=214,University of Illinois at Chicago (UIC),"Chicago, United States",42,46.4,28.9,48.2,22.7,37.7,38.8
=214,"The University of Newcastle, Australia (UON)","Callaghan, Australia",42,31.2,26.2,34.6,99.8,82.3,54
=214,Western University,"London, Canada",42,29.7,63.5,10.1,99.6,51.9,70.1
217,Sapienza University of Rome,"Rome, Italy",41.8,69.9,36.1,5.6,5.2,9.5,41.2
=218,Loughborough University,"Loughborough, United Kingdom",41.4,28.8,63.4,33,81.7,76.1,44.5
=218,University of Wollongong,"Wollongong, Australia",41.4,28.3,37.2,22.3,95.9,86.9,63.2
220,Al-Farabi Kazakh National University,"Almaty, Kazakhstan",41.3,33.4,48.9,99.3,34.4,23,1.2
=221,Sciences Po,"Paris, France",41,25,42.5,90,56.3,99,4.3
=221,Victoria University of Wellington,"Kelburn, Wellington, New Zealand",41,43.6,30.2,14.8,99.4,59.5,47.6
=223,Universität Hamburg,"Hamburg, Germany",40.9,44.8,22.9,60.5,36.3,25.2,27
=223,University of Antwerp,"Antwerp, Belgium",40.9,22.6,22.7,94.8,65.4,42.7,25.5
=223,University of Leicester,"Leicester, United Kingdom",40.9,23.6,22.8,49.9,88,91.2,50.7
226,Georgetown University,"Washington D.C., United States",40.8,35.1,38.7,69.7,21.5,46.4,27.3
227,University of Sussex,"Brighton, United Kingdom",40.7,29,12.6,29.7,96.9,98,60.4
228,Universiti Teknologi Malaysia,"Skudai, Malaysia",40.5,30.1,35.6,85.3,27.8,58.8,17.1
229,University of Calgary,"Calgary, Canada",40.4,33.4,39.6,35.6,85.7,61.6,42.2
230,Tel Aviv University,"Tel Aviv, Israel",40.3,34.3,33.5,9.3,35.3,6.7,95.9
=231,King Abdulaziz University (KAU),"Jeddah, Saudi Arabia",40,24.9,25.1,71.3,99.1,63.9,25.3
=231,University of Canterbury,"Christchurch, New Zealand",40,35.6,35.5,16.4,99.5,66.9,52.7
=231,Vrije Universiteit Amsterdam,"Amsterdam, Netherlands",40,38.6,22.3,44.1,41.9,14.9,52.7
234,National Cheng Kung University (NCKU),"Tainan City, Taiwan",39.4,37.8,39.3,44.2,17,29.4,45.2
235,Saint Petersburg State University,"Saint Petersburg, Russia",39.2,35.3,31.3,95.2,6,31.8,4.8
236,Royal Holloway University of London,"Egham, United Kingdom",39.1,19.3,16.1,29.2,98.1,97.9,69.9
=237,American University of Beirut (AUB),"Beirut , Lebanon",39,21.1,59.6,67.3,96.2,67.8,14.3
=237,Tufts University,"Medford, United States",39,19.8,14.2,79.7,37.6,41.4,48.4
=239,Queen's University at Kingston,"Kingston, Canada",38.9,33.7,65,10.4,76.2,23.7,58.5
=239,Universite libre de Bruxelles,"Brussels, Belgium",38.9,31.3,61.1,14.4,81.6,91.7,43
=239,Université Paris-Saclay,France,38.9,29,16.5,81.9,45.6,43.8,23.4
=242,University of Navarra,"Pamplona, Spain",38.8,33,81.7,45,20.9,60.1,21.5
=242,University of Miami,"Miami, United States",38.8,21.1,16.9,76.6,7.9,41.2,54.1
=244,Novosibirsk State University,"Novosibirsk , Russia",38.7,28.6,34.7,90.5,6,51.2,13.7
=244,Queensland University of Technology (QUT),"Brisbane, Australia",38.7,39.9,52.7,12.3,98.5,42.3,39.3
246,The University of Arizona,"Tucson, United States",38.5,40.1,22.5,20,14.7,18.2,72.2
247,Technion - Israel Institute of Technology,"Haifa, Israel",38.4,31.5,31.6,24.4,61.5,9.9,70.6
248,University of Surrey,"Guildford, United Kingdom",38.3,23.7,29.4,28.8,95.9,97.2,52
249,Università di Padova,"Padua, Italy",38.2,52.2,35.9,14,9.5,6.4,50
=250,Curtin University,"Perth, Australia",38,30,44.1,24.7,100,59.2,42.8
=250,Macquarie University,"Sydney, Australia",38,30.2,42.6,19.6,94.7,91.5,41.7
=250,RMIT University,"Melbourne, Australia",38,33.9,65.2,14.1,100,89.8,27.4
=253,Technical University of Darmstadt,"Darmstadt, Germany",37.9,20.5,79.1,7.5,50.4,59.5,73.6
=253,Universidad Carlos III de Madrid (UC3M),"Madrid, Spain",37.9,34.4,59.4,68,38.7,14.9,9.2
255,Rheinische Friedrich-Wilhelms-Universität Bonn,"Bonn, Germany",37.7,46.6,22.2,45,30.5,27.6,24
256,King Saud University,"Riyadh, Saudi Arabia",37.6,25.1,27.6,81.5,96.2,11.8,15.2
=257,National Taiwan University of Science and Technology (Taiwan Tech),"Taipei City, Taiwan",37.5,23.4,23.5,76.3,17.2,31.7,39.8
=257,Wuhan University,"Wuhan, China (Mainland)",37.5,37.4,54.5,25.5,56.2,12.5,42.1
259,University of Massachusetts Amherst,"Amherst, United States",37.3,44.8,16.1,19.2,21,15.7,59.8
=260,National University of Ireland Galway,"Galway, Ireland",37.1,20.5,26.2,76.2,90.8,59.1,17.3
=260,Universität Stuttgart,"Stuttgart, Germany",37.1,26.7,59.9,14.3,36.7,62.8,62.6
=260,University of Tsukuba,"Tsukuba City, Japan",37.1,34.9,18,69.3,18.2,33.7,23.8
263,Ecole des Ponts ParisTech,"Paris, France",37,10,64.2,86.5,27.1,100,14.3
=264,Indian Institute of Technology Madras (IITM),"Chennai, India",36.7,35.2,45.9,29.8,3.3,1.6,58.7
=264,Kyung Hee University,South Korea,36.7,23.8,36.9,84.6,15.6,35.4,19.5
=264,Simon Fraser University,"Burnaby, Canada",36.7,22.7,22.9,6.2,95.4,91.8,73
=264,University of South Australia,"Magill, Australia",36.7,23.8,21.4,32.6,100,72.6,49.2
268,University of Strathclyde,"Glasgow, United Kingdom",36.6,25.5,55.7,27.5,93.2,79.6,33.1
=269,University of East Anglia (UEA),"Norwich, United Kingdom",36.4,20.2,14,44.4,84.5,84.4,47.3
=269,University of Gothenburg,"Gothenburg, Sweden",36.4,34.6,12.5,56.3,42.5,27.4,32.1
271,Chulalongkorn University,"Bangkok, Thailand",36.3,58.6,44.9,28.1,15.7,3.3,8.7
=272,Universidad de los Andes,"Bogotá, Colombia",36.1,51.6,78.5,22.2,30.6,3,7.1
=272,University of Dundee,"Dundee, United Kingdom",36.1,18.4,10.6,73.2,89.1,63.6,26.7
274,University of Waikato,"Hamilton , New Zealand",36,18.3,19.2,16.9,97.6,80.4,71.7
=275,Universidad Nacional de Colombia,"Bogotá, Colombia",35.9,58.9,82.1,12.8,10.8,1.6,4.5
=275,Universitat Politècnica de Catalunya · BarcelonaTech (UPC),"Barcelona, Spain",35.9,36,38,55.4,9.9,29.5,22.7
=277,Hong Kong Baptist University,"Hong Kong, Hong Kong SAR",35.8,15.8,14.3,40.5,100,89.7,52
=277,Tomsk State University,"Tomsk, Russia",35.8,19.2,21.1,99,25.6,82.9,3.4
=279,Dalhousie University,"Halifax, Canada",35.7,19.1,18.7,24.4,100,76.9,62.1
=279,North Carolina State University,"Raleigh, United States",35.7,32,12.7,35.2,64.6,38.3,47
=279,Goethe-University Frankfurt am Main,"Frankfurt, Germany",35.7,48.6,42.8,25.3,18.2,36.1,20.7
=279,Universität Innsbruck,"Innsbruck, Austria",35.7,20,29.5,56.8,98.1,99.2,17.3
=283,Indian Institute of Technology Kanpur (IITK),"Kanpur, India",35.6,32.5,36.7,17.6,2.1,1.4,75.6
=283,Rutgers University–New Brunswick,"New Brunswick, United States",35.6,39.4,25.9,40.8,27.7,25.6,31.8
=285,Harbin Institute of Technology,"Harbin, China (Mainland)",35.3,22.1,9.5,56,10.2,11.6,65.8
=285,University of Turku,"Turku, Finland",35.3,26,31.5,67.4,35.8,7.5,30.1
287,University of Tasmania,"Hobart, Australia",35.2,18.6,11.1,26,97,93.6,58.9
288,SOAS University of London,"London, United Kingdom",35.1,27.5,15.3,44.4,100,100,18.1
=289,Université Grenoble Alpes,"Grenoble, France",35,52.2,10.3,14.6,25.4,29.8,36.7
=289,University of Ottawa,"Ottawa, Canada",35,26.3,31.3,8.8,86.4,54.3,62.5
291,Tongji University,"Shanghai, China (Mainland)",34.9,29.6,14.3,25.9,91.8,27.1,52.2
=292,Beijing Normal University,"Beijing, China (Mainland)",34.8,37.8,14.8,35.3,15.6,12.8,48.3
=292,National Yang Ming University,"Taipei City, Taiwan",34.8,14.5,12.6,99.9,7.2,7.5,34.8
=292,Universitas Indonesia,"Depok, Indonesia",34.8,36.1,51.3,49.1,93.9,5.5,1.8
=295,Indian Institute of Technology Kharagpur (IIT-KGP),"Kharagpur, India",34.7,26.5,44.3,18.3,9.9,1,76.8
=295,Sun Yat-sen University,"Guangzhou, China (Mainland)",34.7,35.4,44.4,41.8,19.1,9.3,30.9
=295,Université Diderot  Paris 7,"Paris, France",34.7,42.2,5,19.1,33.9,59.4,43.9
298,Universitat Pompeu Fabra (Barcelona),"Barcelona, Spain",34.6,32.8,31.1,21.5,73,26.2,45
=299,Bauman Moscow State Technical University,"Moscow, Russia",34.5,19.7,55.2,100,3.4,11.7,1.2
=299,Friedrich-Alexander-Universität Erlangen-Nürnberg,"Erlangen, Germany",34.5,23.3,22.2,4,29.4,26.8,96.3
=299,Université Paris 1 Panthéon-Sorbonne,"Paris, France",34.5,55.8,53.1,5.1,24.6,75.6,3.8
=302,Heriot-Watt University,"Edinburgh, United Kingdom",34.4,15.1,40.8,34.7,98.5,96.8,37.4
=302,Linköping University,"Linköping, Sweden",34.4,19.9,28.9,56.1,58.5,19.1,41.8
=302,University of Hawaiʻi at Mānoa,"Honolulu, United States",34.4,19.8,5.4,62.9,63.6,20.7,45.5
305,ENS Paris-Saclay,"Cachan, France",34.3,15.4,10.6,93.7,21.2,35.7,27.1
=306,"Birkbeck, University of London","London, United Kingdom",34.2,15.4,7.8,25.1,96.9,98.6,62
=306,University of Cologne,"Cologne, Germany",34.2,36.9,44.7,40.1,43,30.4,15.9
308,National Taiwan Normal University,"Taipei City, Taiwan",34.1,26.3,11.8,78,16.6,73.4,10.9
309,Deakin University,"Geelong, Australia",34,28.1,43.6,7.9,97.2,68.7,42
=310,Universitat Politècnica de València,"València, Spain",33.7,24.1,25,83.1,6.5,32,14.6
=310,Yeshiva University,"New York City, United States",33.7,3.3,2.9,97.5,,13.3,59.3
312,Moscow Institute of Physics and Technology (MIPT / Moscow Phystech),"Dolgoprudny, Russia",33.6,14.1,29.2,99,28.1,40,8.7
=313,University at Buffalo SUNY,"Buffalo, United States",33.4,20.1,11,11.1,87.7,59.1,73.2
=313,Xi’an Jiaotong University,"Xi'an, China (Mainland)",33.4,24,25.1,47.7,36.3,9.7,47
=315,Gwangju Institute of Science and Technology (GIST),"Gwangju, South Korea",33.3,9.7,4,39.8,9.9,9,100
=315,Khalifa University of Science and Technology,"Abu Dhabi, United Arab Emirates",33.3,6.4,7.4,82.7,100,56.9,27.7
=317,Charles University,"Prague, Czech Republic",33.2,38.2,36.2,43.1,19,47.8,11.4
=317,Lincoln University,"Lincoln, New Zealand",33.2,7.8,8.7,58.5,92.2,97.6,39.7
=319,Ewha Womans University,"Seoul, South Korea",33.1,20.7,18.2,85.8,10.6,43.1,15.5
=319,Tilburg University,"Tilburg, Netherlands",33.1,15.1,18.4,9.3,93.5,52.9,79.6
=321,Hiroshima University,"Higashihiroshima City, Japan",32.8,24.5,11.8,84.1,12.7,16.7,17
=321,University of Tartu,"Tartu, Estonia",32.8,20.4,21.6,82.7,22.4,20,18.9
=323,Indiana University Bloomington,"Bloomington, United States",32.7,42.7,31.2,26.2,41.6,22.1,19.7
=323,Universiti Brunei Darussalam (UBD),"Bandar Seri Begawan, Brunei",32.7,10,3.7,94.8,100,65.7,4.8
325,University of Milan,"Milan, Italy",32.5,45.2,24.8,9.8,11.5,6.2,45.1
=326,Northeastern University,"Boston, United States",32.3,18.8,22.2,29.1,78.5,97.4,39.4
=326,Universität Jena,"Jena, Germany",32.3,18.5,7.1,92.7,,28.2,20.8
328,University of Porto,"Porto, Portugal",32.2,36.9,25.5,17.1,6.2,9.5,52.9
=329,Griffith University,"Nathan, Australia",32.1,24,24.4,14.9,98.3,54.4,47
=329,National Research Nuclear University MEPhI (Moscow Engineering Physics Institute),"Moscow, Russia",32.1,9.9,20,96.1,44.1,72.6,5.1
=329,Westfälische Wilhelms-Universität Münster,"Münster, Germany",32.1,34.1,33.2,45.4,28,10.5,20.4
=332,Brunel University London,United Kingdom,32,11.9,16.8,21,98.9,98.5,56.9
=332,Massey University,"Palmerston North, New Zealand",32,27.3,28.9,18.7,98.8,89.1,24.9
=332,Qatar University,"Doha, Qatar",32,13.9,19.3,61.9,100,99.5,10.5
=332,University Ulm,"Ulm, Germany",32,7.4,9.9,76,45.8,31.4,44.7
=336,"University of California, Santa Cruz","Santa Cruz, United States",31.9,20.1,15.1,10.9,26.2,10.7,91.3
=336,University of Jyväskylä,"Jyväskylä, Finland",31.9,17.2,5.7,87.2,43.6,7.3,21.7
=338,Nankai University,"Tianjin, China (Mainland)",31.7,24.1,8.1,33.9,31.1,8.8,61.8
=338,Umea University,"Umeå, Sweden",31.7,18.6,7.4,81.1,31.9,15.1,24.4
=338,Universität Mannheim,"Mannheim, Germany",31.7,18.5,67.4,11.5,44.5,33.3,56.3
=338,University College Cork,"Cork, Ireland",31.7,25.7,25.5,28.7,95,46.4,30
=338,Virginia Polytechnic Institute and State University,"Blacksburg, United States",31.7,31.4,32.3,28.1,22.6,22.4,40
=343,Aalborg University,"Aalborg, Denmark",31.6,17,34.4,43.9,75.7,39.7,33.5
=343,HSE University,"Moscow, Russia",31.6,19.4,28.8,96.6,10.3,14.5,1.7
=345,George Washington University,"Ashburn, United States",31.5,28.2,24.9,31.5,40.5,50.1,34.3
=345,Rensselaer Polytechnic Institute,"Troy, United States",31.5,11.9,12.4,32.2,40.3,47.7,73
=345,University of Utah,"Salt Lake City, United States",31.5,16.4,6.9,66.8,26.8,14.1,43.7
348,Université de Strasbourg,"Strasbourg, France",31.3,47.1,9.3,11.6,41,46.5,23.6
349,"Stony Brook University, State University of New York","Stony Brook, United States",31.2,22.1,7.2,39.8,30.5,82.4,39.6
350,United Arab Emirates University,"Al Ain, United Arab Emirates",31.1,17.2,22.7,57.6,100,62.9,11
351,"City, University of London","London, United Kingdom",31,15.4,24.8,13.4,95.3,99.8,49.2
=352,Kobe University,"Kobe City, Japan",30.9,26.1,31.6,66.1,10.7,8.9,15.3
=352,Tokyo Medical and Dental University (TMDU),"Tokyo, Japan",30.9,12.5,6,100,3.5,14.4,21.6
354,Belarusian State University,"Minsk, Belarus",30.8,16.4,30.8,95.3,9,24.4,1.7
=355,MGIMO University,"Moscow, Russia",30.7,10.1,31.9,99.6,13.1,52.1,1
=355,"Essex, University of","Colchester, United Kingdom",30.7,20.3,13.8,19.9,99.9,99.7,35.9
=355,University of Kent,"Paris, United Kingdom",30.7,19.1,15,32.2,97.7,88.4,28.8
=355,University of Lisbon,"Lisbon , Portugal",30.7,37.7,27.6,15.1,9,33.6,38.2
=359,Bandung Institute of Technology (ITB),"Bandung, Indonesia",30.4,36.2,41.7,43.9,42.1,2.6,3.2
=359,University of Victoria (UVic),"Victoria, Canada",30.4,16.3,10.1,7.1,91.3,54.9,70.5
361,Universidade Federal do Rio de Janeiro,"Rio de Janeiro, Brazil",30.3,53,18.9,22.5,7.1,3,10.4
362,Taipei Medical University (TMU),"Taipei City, Taiwan",30.2,9.7,13.2,93.6,28.5,20,18.7
=363,Norwegian University of Science And Technology,"Trondheim, Norway",30.1,27,28.1,32.6,68.1,15.6,28.4
=363,Oxford Brookes University,United Kingdom,30.1,27.8,59.3,14.8,60.5,79.3,15.1
=363,Graz University of Technology,"Graz, Austria",30.1,11.4,15.3,73.3,65.9,52.1,16.9
366,Tampere University of Technology,"Tampere, Finland",30,9,17.9,76.1,38.7,17.6,32.6
=367,Universidad Austral,"Pilar, Argentina",29.9,17.3,41.4,88,5.7,9.8,1.8
=367,University of Kansas,"Lawrence, United States",29.9,16.6,12.2,82.2,18.4,15.7,19.3
=369,James Cook University,"Townsville, Australia",29.7,13.5,9.9,15.6,93.1,90,54.9
=369,Pontificia Universidad Católica Argentina,"Buenos Aires, Argentina",29.7,16.2,44.7,86.9,,20.6,1.2
=369,University of Tromsø The Arctic University of Norway,"Tromsø, Norway",29.7,13.3,2.9,91.9,59.9,15.5,9.2
372,Ruhr-Universität Bochum,"Bochum, Germany",29.6,22.8,21,5.1,38.5,33,68.4
=373,National Research Tomsk Polytechnic University,Russia,29.4,9.2,20.1,89.1,20.5,81.7,3.3
=373,University of Connecticut,"Storrs, United States",29.4,16.7,7.4,23.1,69.5,33.3,60.5
375,University of St.Gallen (HSG),"St. Gallen, Switzerland",29.3,9.9,73.5,7.7,100,94.6,33.4
=376,American University of Sharjah,"Sharjah, United Arab Emirates",29.2,16.8,43.1,25.6,100,100,14.7
=376,Boston College,"Newton, United States",29.2,23.4,29.4,31.6,73.1,20.7,29.1
=376,University of Oulu,"Oulu, Finland",29.2,16.1,14.1,61.3,33.4,9.5,34.2
=376,University of Southern Denmark (SDU),"Odense, Denmark",29.2,18.2,18.2,42.4,75.9,36.2,29.7
380,Mahidol University,"Nakhon Pathom, Thailand",29.1,35.1,23.3,49.6,15.1,5.5,8.5
=381,Aston University,"Birmingham, United Kingdom",29,11.1,48.5,12.1,95.5,70.9,44.3
=381,Indian Institute of Technology Roorkee (IITR),"Roorkee, India",29,13.5,21.6,16.8,,2.6,89.5
=381,University of Witwatersrand,"Johannesburg, South Africa",29,25.1,38.1,14.4,87.1,12.7,35.9
=384,Universidad de Belgrano,"Buenos Aires, Argentina",28.8,8.9,27.9,91.1,7.2,71.3,1.1
=384,"University of California, Riverside","Riverside, United States",28.8,18.2,22.8,16.8,60.6,10,61.4
=384,University of the Philippines,"Quezon City, Philippines",28.8,30.9,49.6,54.3,1.9,1.5,2.1
=387,HUFS - Hankuk (Korea) University of Foreign Studies,"Seoul, South Korea",28.7,12.6,22.1,84,42.9,40.8,2.1
=387,Politecnico di Torino,"Turin, Italy",28.7,29.4,53.3,5.7,2.7,32.2,43.3
=387,Swinburne University of Technology,"Melbourne, Australia",28.7,12.6,23.3,17.4,98.7,87.6,42.5
=387,Wake Forest University,"Winston-Salem, United States",28.7,6.5,6.8,100,7.9,19.7,19.6
=391,Gadjah Mada University,"Yogyakarta, Indonesia",28.6,37.4,36,38.5,36.5,2.6,1.5
=391,Université de Liège,"Arlon, Belgium",28.6,17.7,27.3,21.8,33,61.8,48.2
=391,Washington State University,"Pullman, United States",28.6,28.5,19.5,23.9,68.4,12,32.1
=394,L.N. Gumilyov Eurasian National University (ENU),"Nur-Sultan, Kazakhstan",28.5,13.2,21.4,96.1,24.5,5,1.4
=394,University of Warsaw,"Warsaw, Poland",28.5,36.8,35,38.4,9.1,13.4,6.9
396,"Goldsmiths, University of London","London, United Kingdom",28.3,21.2,8.2,23.5,84.7,95.8,25.8
=397,Chung-Ang University (CAU),"Seoul, South Korea",28.2,13.3,21,80.3,20.4,30.6,10.4
=397,La Trobe University,"Melbourne, Australia",28.2,18.5,27.9,8.6,98.5,95.3,32.8
=397,Pakistan Institute of Engineering and Applied Sciences (PIEAS),"Islamabad, Pakistan",28.2,5.8,7.3,91.9,,1.1,33.2
=397,Universität Konstanz,"Konstanz, Germany",28.2,23.1,10.4,43.3,60.7,31.1,23.1
=397,"University of Colorado, Denver","Denver, United States",28.2,8.3,6.8,100,5.4,13,15.8
=402,Université Laval,"Québec, Canada",28.1,21.4,19.1,32.9,70.9,29.5,29.8
=402,National Sun Yat-sen University,"Kaohsiung City, Taiwan",28.1,23.4,17.9,30.6,18.4,8.6,46.9
404,Peter the Great St. Petersburg Polytechnic University,"St. Petersburg, Russia",28,9.9,14.7,87.8,17.1,69.9,2.7
=405,Stellenbosch University,"Stellenbosch, South Africa",27.9,25.6,28.9,5.1,57.9,13.2,50.4
=405,Universidade Nova de Lisboa,"Lisbon, Portugal",27.9,27.7,31.1,30.1,26.1,35,22.9
=407,Ben-Gurion University of The Negev,"Be'er Sheva, Israel",27.7,16.8,13.4,20.3,72.6,26.5,52.7
=407,Johannes Gutenberg Universität Mainz,"Mainz, Germany",27.7,20.3,16,53.8,38,23.2,20.4
=407,Universidad Externado de Colombia,"Bogotá, Colombia",27.7,9.3,37.5,95.6,14.7,1.6,1.1
=407,University of Coimbra,"Coimbra, Portugal",27.7,29.3,14.6,22.9,11.3,53,33.1
411,Jagiellonian University,"Krakow, Poland",27.6,30.7,27.5,52.6,4.8,10.4,6.2
=412,Tulane University,"New Orleans, United States",27.5,10.6,5.6,83.6,20.7,23.1,18.6
=412,Universidad de Zaragoza,"Huesca, Spain",27.5,22.2,15.9,69.1,4.3,6.7,12.7
=412,Ural Federal University - UrFU,"Ekaterinburg, Russia",27.5,14.7,14.7,88.5,14.3,25.7,1.9
=415,Huazhong University of Science and Technology,"Wuhan, China (Mainland)",27.4,19.8,21.9,17.9,13.1,7.9,62.7
=415,National Central University,"Taoyuan City, Taiwan",27.4,22.2,15.4,34.8,21.6,21.5,38.8
=417,National University of Sciences And Technology (NUST) Islamabad,"Islamabad, Pakistan",27.3,15.9,41.9,73.9,3.5,4,7.8
=417,University of Stirling,"Stirling, United Kingdom",27.3,11.1,12.2,24,75.5,57.3,50.6
419,"The University of Tennessee, Knoxville","Knoxville, United States",27.2,13.2,18.7,22.8,6.2,5,74.1
=420,The American University in Cairo,"Cairo, Egypt",27.1,22.2,28.5,47.2,91.4,4.9,5.3
=420,Universidad de Palermo (UP),"Buenos Aires, Argentina",27.1,9.5,9.8,76.8,37.5,95.9,1.1
=422,Dublin City University,"Dublin, Ireland",27,14.7,30.7,42.9,70.6,53.8,15.7
=422,Shanghai University,"Shanghai, China (Mainland)",27,25.9,8.7,51.6,38.2,4.5,16
=422,University of Pisa,"Pisa, Italy",27,39,20.6,11.1,8,5.8,32
=422,Université de Montpellier,"Montpellier, France",27,22.2,27.1,11.8,13.1,43.1,50.8
=426,Illinois Institute of Technology,"Chicago, United States",26.9,18,8,22.6,19.2,100,41.5
=426,University of Trento,"Trento, Italy",26.9,24.4,14.2,16.4,37.3,9.1,50.1
=426,University of Texas Dallas,"Richardson, United States",26.9,15.9,13.4,9.1,28.8,75.7,60.4
=429,Brandeis University,"Waltham, United States",26.8,12.1,20.6,31.8,20.2,82.8,41.7
=429,Chang Gung University,"Taoyuan City, Taiwan",26.8,4.1,5.1,72.5,4.9,9.5,47
431,The University of Georgia,"Athens, United States",26.7,24.7,18.1,22.4,66.2,11.9,32.9
=432,Aberystwyth University,"Aberystwyth, United Kingdom",26.5,10.7,6.6,33.8,66.5,48.3,45
=432,Dongguk University,"Seoul, South Korea",26.5,10.1,11,85.2,16.1,35.6,8.3
=432,Sharif University of Technology,"Tehran, Iran, Islamic Republic of",26.5,11.3,16.5,13.4,1.9,1.9,86.7
=435,Bangor University,United Kingdom,26.4,8.3,7.7,14.5,57.2,67.1,65.7
=435,Sogang University,"Seoul, South Korea",26.4,18.9,40.1,51.2,13.6,15.4,15.5
=435,Swansea University,"Swansea, United Kingdom",26.4,12.2,14.8,34.2,74.8,65.4,30.6
=435,University of Iowa,"Iowa City, United States",26.4,22.7,8.5,36.2,9.7,20.4,38.4
=439,Kazan (Volga region) Federal University,"Kazan, Russia",26.2,17.2,9.3,77.1,6.9,39,2.8
=439,University of Delaware,"Newark, United States",26.2,12.8,9.9,12.4,39.7,24.9,71.6
=439,Wayne State University,"Detroit, United States",26.2,10.5,4.9,76.9,19.7,20.5,20.2
442,Universiti Teknologi Brunei,"Bandar Seri Begawan, Brunei",26.1,6.8,9.3,77.9,98.8,20,4.3
=443,Bond University,"Gold Coast, Australia",26,3,9.9,51.4,98.8,97.7,18.2
=443,Tianjin University,"Nankai, China (Mainland)",26,17.2,6.2,26.2,10.3,5.5,62
=443,University of Macau,Macau SAR,26,10.9,6.2,21.2,100,96.7,34.6
=446,National Technical University of Athens,"Athens, Greece",25.9,19.4,41.1,8.9,,4.7,59.9
=446,RUDN University,"Moscow, Russia",25.9,10.1,16.1,75.7,5.6,90.3,1.3
=448,King Khalid University,"Abha, Saudi Arabia",25.8,6.2,3.6,81.9,100,23.9,1.5
=448,Koç University,"Istanbul, Turkey",25.8,16.3,34.7,47,44.2,6.7,18.8
=450,Colorado State University,"Fort Collins, United States",25.7,18.8,22,40,34.5,10,28.2
=450,Oregon State University,"Corvallis, United States",25.7,17.5,6.5,31.1,62.5,25.4,36.9
=450,Sultan Qaboos University,"Muscat, Oman",25.7,9.5,13,65.4,100,4.8,11
=453,Christian-Albrechts-University zu Kiel,"Kiel, Germany",25.6,17.6,7.5,56.1,17.3,12.3,25.2
=453,Aix-Marseille University,"Marseille, France",25.6,34.7,8,15.3,25.6,29.3,25
=453,"University of Maryland, Baltimore County","Baltimore, United States",25.6,11.4,5.1,19,13,13.7,76.5
=456,Bilkent University,"Ankara, Turkey",25.5,20.5,38.8,21.4,66.4,15.8,24.8
=456,Hitotsubashi University,"Kunitachi City, Japan",25.5,21.5,63.9,34.6,25.2,26.8,4.4
=456,Johannes Kepler University Linz,"Linz, Austria",25.5,11,29,40.2,71.5,21.5,27.3
=456,The Catholic University of Korea,"Gyeonggi, South Korea",25.5,4.9,2.5,96.9,3.9,4.1,17.4
460,Yokohama City University,"Yokohama City, Japan",25.4,6.3,3.5,99.6,5.2,2.6,11
=461,Clark University,"Worcester, United States",25.3,5,2.7,36,17.9,79.5,54.7
=461,Universität des Saarlandes,"Saarbrücken, Germany",25.3,10.4,6.9,37.1,63.7,63.9,32.9
=461,University of Saskatchewan,"Saskatoon, Canada",25.3,10.7,10.1,32,75.4,56.5,34.5
=464,Auckland University of Technology (AUT),"Auckland, New Zealand",25.2,17.5,25.4,17.5,99.6,99.9,10.6
=464,Beijing Institute of Technology,"Beijing, China (Mainland)",25.2,21.2,7.6,32,6,8.1,44.1
=464,Chiba University,"Chiba City, Japan",25.2,13,5.6,77.3,9.3,6.3,15.5
=464,Concordia University,"Montreal, Canada",25.2,14.4,38.2,6.8,83.3,87.8,28.1
=464,Satbayev University,"Almaty, Kazakhstan",25.2,11.9,24.8,87.3,1.6,2.1,1.2
=464,Universidade Federal de São Paulo,"São Paulo, Brazil",25.2,12.4,6.5,84.6,7,2,11
=470,Universidad Politécnica de Madrid (UPM),"Madrid, Spain",25.1,28.7,51.9,21.4,3.3,32.6,11.6
=470,University of Szeged,"Szeged, Hungary",25.1,16.8,13,60.1,15.6,57.4,6.6
=472,Florida State University,"Tallahassee, United States",25,25.8,31.1,12.4,12.2,6.5,40.3
=472,Indian Institute of Technology Guwahati (IITG),"Guwahati, India",25,13,14.1,26.4,1.8,1.6,64.6
=472,University of Naples - Federico II,"Naples, Italy",25,28.9,17.4,5.8,3.1,,51.8
475,Jilin University,"Changchun, China (Mainland)",24.8,18,12,52.3,20.6,3.3,23.3
=476,The National University of Science and Technology MISIS,"Moscow, Russia",24.7,8.9,17.9,75.1,8.7,54.9,5.2
=476,Xiamen University,"Xiamen, China (Mainland)",24.7,24,5.6,28.8,8.4,5,40.4
=478,Flinders University,"Adelaide, Australia",24.6,13.7,10.2,13.4,74.2,74.8,39.6
=478,Institut National des Sciences Appliquées de Lyon (INSA),"Lyon, France",24.6,9.5,35.6,47.7,34.7,86.1,8.1
480,Auezov South Kazakhstan University (SKU),"Shymkent, Kazakhstan",24.5,8,8.5,92.6,21,12.6,1
=481,Abai Kazakh National Pedagogical University,"Almaty, Kazakhstan",24.4,7.4,8.6,87.7,37.4,16.8,1.1
=481,UCSI University,Malaysia,24.4,6.5,31,58.6,50.3,75.4,3
=481,Universidad de Alcalá,"Alcalá de Henares, Spain",24.4,13.4,19.7,47.1,25.9,80.9,11.3
=481,University of Eastern Finland,"Kuopio, Finland",24.4,15.4,7.2,42.9,26.3,10.4,35.4
=481,V. N. Karazin Kharkiv National University,"Kharkiv, Ukraine",24.4,12.5,8.2,70.7,1.5,79.4,1.8
=481,York University,"Toronto, Canada",24.4,21.5,33.7,14.4,34.8,70.8,21
487,University of Delhi,"New Delhi, India",24.2,34,48.5,11,6.4,2,15.4
488,Vilnius University,"Vilnius, Lithuania",24.1,16.9,31.8,60.2,11.7,6,6.1
=489,Iowa State University,"Ames, United States",24,20.8,11.4,18.8,32.5,21.9,39.9
=489,University of Bordeaux,"Talence, France",24,33.6,5.2,22.7,43.3,34.4,7.8
=491,Beihang University (former BUAA),"Beijing, China (Mainland)",23.9,16.1,8.7,29.1,10.6,7,48.9
=491,UNESP,"SÃ£o Paulo, Brazil",23.9,28.8,15.3,38.2,6.8,5.1,12.9
=491,Università Cattolica del Sacro Cuore,"Milan, Italy",23.9,23.2,50.2,17.7,21.1,24.1,18.9
494,University of New Mexico,"Albuquerque, United States",23.8,15.6,11.3,10.4,9.9,6.2,67.3
=495,University of Granada,"Granada, Spain",23.7,34.9,14,12.8,5.1,23.7,21.4
=495,University of Hohenheim,"Stuttgart, Germany",23.7,8.2,11.2,7.8,24.3,31.5,74.4
=495,University of Oklahoma,"Norman, United States",23.7,10.7,13,61,37.1,10.6,17.6
=498,Amirkabir University of Technology,"Tehran, Iran, Islamic Republic of",23.6,4.9,9.8,8.6,4.2,2.5,92.7
=498,Western Sydney University,"Milperra, Australia",23.6,15.9,26.4,9.9,100,47.8,25.9
=500,Singapore Management University,Singapore,23.5,12.7,29,13.8,100,69.4,21.2
=500,Technische Universität Braunschweig,"Braunschweig, Germany",23.5,9.5,26.9,66.4,,33.1,10.3
=500,Saint Joseph University of Beirut (USJ),"Beirut, Lebanon",23.5,7.7,26.9,68.1,62.2,10.2,2.3
=500,University of Science and Technology Beijing,"Beijing, China (Mainland)",23.5,18.2,6,18.9,5,4.6,56.3
501-510,Drexel University,"Philadelphia, United States",,,,43,41.9,48.4,27.9
501-510,East China Normal University,"Shanghai, China (Mainland)",,,,36.2,49.9,44.7,27.2
501-510,Howard University,"Washington D.C., United States",,,,88.6,,,
501-510,Lehigh University,"Bethlehem, United States",,,,37.9,,47,45.2
501-510,National Research Saratov State University,"Saratov, Russia",,,,99.4,,14.9,
501-510,Pusan National University,"Busan, South Korea",,19.8,,42.2,,,21.1
501-510,Sabanci University,"Istanbul, Turkey",,,23.6,38.6,39.5,17.1,21.1
501-510,Universidad de Costa Rica,"San Jose, Costa Rica",,27.4,36.4,41.5,,,
501-510,University of Florence,"Florence, Italy",,32.7,,,,,30
501-510,University of Ulsan,"Ulsan, South Korea",,,,71.9,,,30.6
511-520,ITMO University,"St. Petersburg, Russia",,,,74.2,17.2,36.9,
511-520,Kumamoto University,"Kumamoto City, Japan",,,,82.5,,,
511-520,Okayama University,"Okayama City, Japan",,,,74.9,,,
511-520,Southeast University,"Nanjing, China (Mainland)",,,,33.9,,,50.1
511-520,Universidad de La Habana,"Havana, Cuba",,,25.8,66.6,,,
511-520,Universidad de Santiago de Chile (USACH),"Santiago, Chile",,33.1,52.2,,,,
511-520,"University of Rome ""Tor Vergata""","Rome, Italy",,29.1,,,,17.4,33
511-520,Universität Bremen,"Bremen, Germany",,20.5,,29.5,42.9,22.3,23.5
511-520,University of Limerick,"Limerick, Ireland",,,21.3,27.2,89.7,19.6,24
521-530,Cairo University,"Giza, Egypt",,30.8,55,,,,
521-530,Julius-Maximilians-Universität Würzburg,"Würzburg, Germany",,,,,38.9,,47.3
521-530,Lappeenranta-Lahti University of Technology LUT,"Lappeenranta , Finland",,,,23.7,41.1,37.6,49.6
521-530,Nagasaki University,"Nagasaki City, Japan",,,,87.8,,,
521-530,Pontificia Universidad Javeriana,"Bogotá, Colombia",,32.4,58,,,,
521-530,Renmin (People's) University of China,"Beijing, China (Mainland)",,26,30.9,35,,,
521-530,Université Paul Sabatier Toulouse III,"Toulouse, France",,23.4,,44.3,,34,
521-530,Universiti Teknologi PETRONAS (UTP),"Seri Iskandar, Malaysia",,,19.7,31.8,89.9,42.4,16.8
521-530,University of South Florida,"Tampa, United States",,,,,47.8,34.3,47.4
531-540,Abo Akademi University,"Turku, Finland",,,,44.3,40.7,21.7,29.5
531-540,Czech Technical University in Prague,"Prague, Czech Republic",,18.5,43.9,28.2,,44,
531-540,East China University of Science and Technology,"Shanghai, China (Mainland)",,,,,,,70.3
531-540,The New School,"New York, United States",,,,60.9,,97.1,
531-540,Pontifícia Universidade Católica de São Paulo,"São Paulo, Brazil",,,25.8,69.3,,,
531-540,Southern Federal University,"Rostov-on-Don, Russia",,,,87.9,,16.8,
531-540,Taras Shevchenko National University of Kyiv,"Kyiv, Ukraine",,18.8,,60.6,,,
531-540,Universidad de Montevideo (UM),"Montevideo, Uruguay",,,,71.7,14.7,,
531-540,University Paris 2 Panthéon-Assas,France,,,18.7,78.1,,29.8,
531-540,University of Aveiro,"Aveiro, Portugal",,,,23.9,,,60.2
531-540,University of Vermont,"Burlington, United States",,,,70.7,,19.5,23.3
541-550,American University,"Washington D.C., United States",,19.7,30.8,35.1,,27.2,
541-550,Far Eastern Federal University,"Vladivostok, Russia",,,,79.8,20,42.6,
541-550,Osaka City University,"Osaka City, Japan",,,,69.8,,,
541-550,Shandong University,"Jinan, China (Mainland)",,16.8,,,,,45.2
541-550,South China University of Technology,"Guangzhou, China (Mainland)",,,,,,,62.1
541-550,Umm Al-Qura University,"Makkah, Saudi Arabia",,,,61.8,99.6,18.3,
541-550,Universitat Ramon Llull,"Barcelona, Spain",,,53.8,,96.5,45.1,
541-550,Université du Québec,"Québec, Canada",,23.6,19.2,,48.9,17.4,29.3
541-550,University of Cincinnati,"Cincinnati, United States",,,,37.8,,17,32.8
551-560,Inha University,"Incheon, South Korea",,,,72.3,,,
551-560,Justus-Liebig-University Giessen,"Giessen, Germany",,,,,,14.7,72
551-560,Leibniz University Hannover,"Hanover, Germany",,19.3,,,24.2,29.4,40.9
551-560,Middle East Technical University,"Ankara, Turkey",,23.7,56.6,,,,21
551-560,Pontificia Universidad Católica del Perú,"Lima, Peru",,33.1,42,,15.9,,
551-560,Quaid-i-Azam University,"Islamabad, Pakistan",,,19.8,,,,64
551-560,Syracuse University,"Syracuse, United States",,16.6,,,,60.3,27
551-560,University of Johannesburg,"Johannesburg, South Africa",,,26.6,34,73.4,29.7,
551-560,University of Kentucky,"Lexington, United States",,,,,33.7,,42.6
551-560,University of Nebraska - Lincoln,"Lincoln, United States",,,,,80.5,28.9,36.7
561-570,American University in Dubai,"Dubai, United Arab Emirates",,,35.2,24.2,100,100,
561-570,Aristotle University of Thessaloniki,"Thessaloniki, Greece",,24.7,23.8,,,20.2,33.5
561-570,Indiana University–Purdue University Indianapolis,"Indianapolis, United States",,,,76.6,,,
561-570,Kanazawa University,"Kanazawa, Japan",,,,63.5,,,18.8
561-570,Karl-Franzens-Universitaet Graz,"Graz, Austria",,18,22.8,,55.8,30.6,17.2
561-570,Martin-Luther-Universität Halle-Wittenberg,"Halle, Germany",,,,65.8,,,
561-570,National Taipei University of Technology,"Taipei City, Taiwan",,,,39,29.2,20.4,30
561-570,Universitat de Valencia,"València, Spain",,29.1,,,,,21.8
561-570,University of Pretoria,"Pretoria, South Africa",,22.7,40.4,,55.3,17,17.4
561-570,University of South Carolina,"Columbia, United States",,17.4,,,43.1,,32.8
571-580,Bogaziçi Üniversitesi,"Istanbul, Turkey",,18.9,52,,19,,26.7
571-580,Jeonbuk National University,"Jeonju, South Korea",,,,57.2,,,19.6
571-580,Coventry University,"Coventry, United Kingdom",,,39,,73.1,99.8,
571-580,Dalian University of Technology,"Dalian, China (Mainland)",,,,,,,62
571-580,Masaryk University,"Brno, Czech Republic",,20.5,20.9,,23.4,72.6,
571-580,Sarajevo School of Science and Technology,"Sarajevo, Bosnia and Herzegovina",,,,70.4,37.7,67.1,
571-580,Tokyo University of Agriculture and Technology,"Tokyo, Japan",,,,23.8,,,50.6
571-580,University of Turin,"Turin, Italy",,26.5,,,,,34.9
571-580,Universität Regensburg,"Regensburg, Germany",,,,,36.1,,41
571-580,Université Paris Descartes,"Paris , France",,20.4,,,,19.1,35.1
581-590,William & Mary,"Williamsburg, United States",,,,44,,14.8,23.8
581-590,Imam Abdulrahman Bin Faisal University (IAU) (formerly UNIVERSITY OF DAMMAM),"Dammam, Saudi Arabia",,,,67.4,99.4,,
581-590,Instituto Tecnológico de Buenos Aires (ITBA),"Buenos Aires, Argentina",,,30.4,61.1,19.1,15.3,
581-590,Konkuk University,"Seoul, South Korea",,,,59.7,,16.3,
581-590,Universidad Anáhuac México,"Huixquilucan, Mexico",,,38.1,59.1,,,
581-590,Universidade de Santiago de Compostela,"Santiago de Compostela, Spain",,22.9,,27.2,,,22.5
581-590,Università degli Studi di Pavia,"Pavia, Italy",,21.6,,,,15.2,39
581-590,Universität  Leipzig,"Leipzig, Germany",,24.7,,24.2,,21.6,19.9
581-590,University of Guelph,"Guelph, Canada",,,24.2,,46.9,,32.9
581-590,University of Massachusetts Boston,"Boston, United States",,,,,,19,35
581-590,University of Oregon,"Eugene, United States",,18,,,,30.8,28.1
581-590,Vilnius Gediminas Technical University,"Vilnius , Lithuania",,,36,42.4,,29.9,
591-600,Hallym University,"Chuncheon, South Korea",,,,85.3,,,
591-600,"Kingston University, London","Kingston upon Thames, United Kingdom",,,,,74.6,96.4,
591-600,Michigan Technological University,"Houghton, United States",,,,32.3,,35,37.5
591-600,Murdoch University,"Murdoch, Australia",,,,,86.6,37.3,29
591-600,University of Salamanca,"Salamanca, Spain",,25.9,,23.4,,29.3,
591-600,Universidad de San Andrés - UdeSA,"Buenos Aires, Argentina",,,32,62.8,,,
591-600,University of Balamand,"Beirut, Lebanon",,,,83.1,,,
591-600,University of Bradford,"Bradford, United Kingdom",,,,,55.2,84.2,26.4
591-600,University of Hull,"Hull, United Kingdom",,,,,65,54,34.4
591-600,University of Hyderabad,"Hyderabad, India",,,,28.7,,,42.9
591-600,"University of Missouri, Columbia","Columbia, United States",,16.5,,31.5,18.8,,24.6
591-600,University of Mons,"Mons, Belgium",,,,,33.2,39.9,61.6
601-650,Altai State University,"Barnaul, Russia",,,,82.2,,29.3,
601-650,Bar-Ilan University,"Ramat Gan, Israel",,,,,71.7,,43.6
601-650,Central Queensland University (CQUniversity Australia),"Norman Gardens, Australia",,,,28.7,98.4,94.8,
601-650,City University of New York,"New York City, United States",,30.4,,,,,
601-650,Clarkson University,"Potsdam, United States",,,,25.4,36.6,,55.1
601-650,Iran University of Science and Technology,"Tehran, Iran, Islamic Republic of",,,,,,,80.2
601-650,Jadavpur University,"Kolkata, India",,,,23.6,,,40.7
601-650,Kagoshima University,"Kagoshima City, Japan",,,,75.4,,,
601-650,Keele University,"Keele, United Kingdom",,,,32.4,56.2,52.1,25
601-650,Lanzhou University,"Lanzhou, China (Mainland)",,,,,,,66.6
601-650,Lebanese American University,"Byblos, Lebanon",,,30.7,25.9,97.1,52.2,
601-650,"Lingnan University, Hong Kong","Hong Kong, Hong Kong SAR",,,,28.8,100,38.9,18.4
601-650,Lobachevsky University,"Nizhny Novgorod, Russia",,,,64.7,,14.8,
601-650,National Chengchi University,"Taipei City, Taiwan",,19.5,22,26.1,18.3,50.8,
601-650,"National Technical University of Ukraine ""Igor Sikorsky Kyiv Polytechnic Institute""","Kyiv, Ukraine",,,,61.9,,,
601-650,Osaka Prefecture University,"Osaka City, Japan",,,,61,,,20.2
601-650,Philipps-Universität Marburg,"Marburg, Germany",,,,33.4,26.3,23.7,19.6
601-650,Pontifícia Universidade Católica do Rio de Janeiro,"Rio de Janeiro, Brazil",,28.2,18.7,,20.1,,
601-650,Rutgers University–Newark,"Newark, United States",,,,31.9,34.6,22,
601-650,Sichuan University,"Chengdu, China (Mainland)",,18.2,,23.5,,,34.7
601-650,Smith College,"Northampton, United States",,,,68.2,,31.7,
601-650,Tallinn University of Technology (TalTech),"Tallinn, Estonia",,,21.3,32.9,35,43.4,
601-650,Taylor's University,"Subang Jaya, Malaysia",,,42.1,24.5,48.9,63.4,
601-650,Thammasat University,"Bangkok, Thailand",,20.8,24.4,31.2,20.9,,
601-650,Universidad de Sevilla,"Seville, Spain",,33.4,,,,,
601-650,University of the Basque Country,"Leioa, Spain",,18.5,,47.6,,,
601-650,Universidad Nacional de La Plata (UNLP),"La Plata, Argentina",,29.9,,,,,
601-650,Universidade Federal de Minas Gerais,"Belo Horizonte, Brazil",,31.3,,,,,
601-650,Universidade Federal do Rio Grande Do Sul,"Porto Alegre, Brazil",,29.6,,,23.5,,
601-650,University of Bayreuth,"Bayreuth, Germany",,,,,41.8,21,34.2
601-650,Universität Duisburg-Essen,"Duisburg, Germany",,,,,28.9,51.3,42.4
601-650,Universität Potsdam,"Potsdam, Germany",,,,,,23.8,58.2
601-650,Université Claude Bernard Lyon 1,"Villeurbanne, France",,23.1,,,,20.1,25.5
601-650,Université de Fribourg,"Fribourg, Switzerland",,,,,,44.7,49.7
601-650,Universiti Utara Malaysia (UUM),"Sintok, Malaysia",,,,36.4,39.3,72.4,
601-650,University of Canberra,"Bruce, Australia",,,,,57.8,55.1,29.9
601-650,University of Debrecen,"Debrecen, Hungary",,,,33.9,,69.3,
601-650,University of Jordan,"Amman, Jordan",,20.3,36.9,,29,36.3,
601-650,University of Manitoba,"Winnipeg, Canada",,,,43.6,,37.6,
601-650,University of Milano-Bicocca,"Milan, Italy",,16.7,,,,,55.4
601-650,University of Plymouth,"Plymouth, United Kingdom",,,,,55,34.1,27.9
601-650,University of Portsmouth,"Portsmouth, United Kingdom",,,22.2,,77.2,77.4,
601-650,University of Tampere,"Tampere, Finland",,,,,20,,32.5
601-650,Ulster University,"Coleraine, United Kingdom",,,19.5,,98.6,24.6,20.4
601-650,University of Westminster,"London, United Kingdom",,,,,87.8,99.9,
601-650,Virginia Commonwealth University,"Richmond, United States",,,,51,17.3,,18.8
601-650,Warsaw University of Technology,"Warsaw, Poland",,21.8,44.2,,,,
601-650,Worcester Polytechnic Institute,"Worcester, United States",,,,27,29.7,66.5,35.8
651-700,Ajou University,"Suwon, South Korea",,,,45.8,,,24.2
651-700,Ateneo de Manila University,"Quezon City, Philippines",,17.7,34.9,31.9,,,
651-700,Brno University of Technology,"Brno, Czech Republic",,,36.6,,,61.4,
651-700,Carleton University,"Ottawa, Canada",,,,,,18,48.5
651-700,Charles Darwin University,"Casuarina, Australia",,,,,60.5,97.7,28.2
651-700,Chiang Mai University,"Chiang Mai, Thailand",,27.6,,,,,
651-700,China Agricultural University,"Beijing, China (Mainland)",,,,32.2,,,32.8
651-700,Chonnam National University,"Gwangju, South Korea",,,,48.2,,,19.8
651-700,Academician Y.A. Buketov Karaganda University,"Karaganda, Kazakhstan",,,,63,,,
651-700,Gifu University,"Gifu City, Japan",,,,71.5,,,
651-700,Holy Spirit University of Kaslik,"Jounieh, Lebanon",,,,41.8,98.8,38.3,
651-700,Instituto Politécnico Nacional (IPN),"Ciudad de México, Mexico",,19.6,41.7,,,,
651-700,Instituto Tecnológico Autónomo de México (ITAM),"Mexico City, Mexico",,,45.9,,61.5,,
651-700,International Islamic University Malaysia (IIUM),"Kuala Lumpur, Malaysia",,,,26.6,41,67.7,
651-700,Istanbul Technical University,"Maslak-Istanbul, Turkey",,17,46.7,,,,
651-700,Jordan University of Science & Technology,"Irbid, Jordan",,,29.5,24,,55.7,
651-700,Kazakh National Agrarian University KazNAU,"Almaty, Kazakhstan",,,,59.9,21.7,,
651-700,Kazakh-British Technical University,"Almaty, Kazakhstan",,,23.4,48.9,50.1,,
651-700,Kyungpook National University,"Daegu, South Korea",,,,33.7,,,
651-700,Louisiana State University,"Baton Rouge, United States",,,,,,,49.2
651-700,Memorial University of Newfoundland,"St. John's, Canada",,,,24.7,38.5,48.8,24.6
651-700,National and Kapodistrian University of Athens,"Athens, Greece",,19.9,26.9,,,21.9,26
651-700,National Chung Hsing University,"Taichung City, Taiwan",,,,,,,30
651-700,Niigata University,"Niigata City, Japan",,,,65.7,,,
651-700,Universitas Padjadjaran,"Bandung, Indonesia",,,,55.5,,,
651-700,Palacký University Olomouc,Czech Republic,,,,33.3,28.9,19.9,
651-700,Sejong University,"Seoul, South Korea",,,25.1,27.8,19.6,19.5,18.6
651-700,Southern Methodist University,"Dallas, United States",,,,45,,39.1,
651-700,Stevens Institute of Technology,"Hoboken, United States",,,,,39.1,98.8,36.2
651-700,Temple University,"Philadelphia, United States",,,,28.2,,15.1,20.6
651-700,Tokyo Metropolitan University,"Tokyo, Japan",,,,31.4,,,22.5
651-700,Universidad de Concepción,"Concepción, Chile",,23.3,29.5,,,,
651-700,Universidad Torcuato Di Tella,"Buenos Aires, Argentina",,,37.1,29.4,23.4,29.5,
651-700,Université de Lille,France,,28.2,,,23.8,25.9,
651-700,Université de Sherbrooke,"Sherbrooke, Canada",,,,30.8,64.5,,19.1
651-700,Université Nice Sophia Antipolis,"Nice, France",,,,,66.1,60.3,20.9
651-700,University at Albany SUNY,"Albany, United States",,,,,20.5,,43.4
651-700,University of Baghdad,"Baghdad, Iraq",,17.5,,49.2,,,
651-700,University of Crete,"Heraklion, Greece",,,,,,,44.8
651-700,University of Denver,"Denver, United States",,,,49.3,,,20.5
651-700,University of Haifa,"Haifa, Israel",,,,25.7,,,31.2
651-700,University of Houston,"Houston, United States",,,,,,19.3,38.7
651-700,University of Ljubljana,"Ljubljana, Slovenia",,,,39.5,,,
651-700,University of Minho,"Braga, Portugal",,,,,25.4,17.6,24.9
651-700,University of Seoul,"Seoul, South Korea",,,,43,,,
651-700,University of Sharjah,"Sharjah, United Arab Emirates",,,19.4,,100,100,
651-700,University of Windsor,"Windsor, Canada",,,,,,48.9,64.1
651-700,University of Wyoming,"Laramie, United States",,,,40.1,19.4,,30.6
651-700,Victoria University,"Melbourne, Australia",,,,,48.4,66.6,31.1
701-750,Abu Dhabi University,"Abu Dhabi, United Arab Emirates",,,,,100,100,
701-750,Université de Lorraine,"Nancy, France",,16.6,5.4,11.4,14.7,40.2,18.1
701-750,Ain Shams University,"Cairo, Egypt",,,35.8,,23.5,,
701-750,University of Klagenfurt,"Klagenfurt, Austria",,,,24.6,91.3,66.2,
701-750,Bogor Agricultural University,"Bogor, Indonesia",,16.7,,26.9,34.3,,
701-750,Bournemouth University,"Poole, United Kingdom",,,,,81.7,51.8,
701-750,Chungnam National University,"Daejeon, South Korea",,,,36,,,
701-750,Clemson University,"Clemson, United States",,,,,,,30.6
701-750,Dankook University,"Seoul, South Korea",,,,66.6,,,
701-750,Eötvös Loránd University,"Budapest, Hungary",,20.8,,,,16.8,
701-750,Georgia State University,"Atlanta, United States",,,,,,,28.3
701-750,Gunma University,"Maebashi, Japan",,,,46.8,18.9,,19.5
701-750,Hunan University,"Changsha, China (Mainland)",,,,,,,47.6
701-750,Lahore University of Management Sciences (LUMS),"Lahore, Pakistan",,,46,,,,
701-750,Maynooth University,"Maynooth, Ireland",,,,,78.7,21.9,18.9
701-750,Missouri University of Science and Technology,"Rolla, United States",,,,,47,31.4,46.2
701-750,"National Technical University  ""Kharkiv Polytechnic Institute""","Kharkiv, Ukraine",,,,57.3,,,
701-750,Northumbria University at Newcastle,"Newcastle upon Tyne, United Kingdom",,,21.8,,44.1,44.5,
701-750,Samara National Research University (Samara University),"Samara, Russia",,,,60.4,,,
701-750,Shanghai International Studies University,"Shanghai, China (Mainland)",,,,43.3,38.1,39.9,
701-750,TU Dortmund University,"Dortmund, Germany",,,31.4,,19.7,16.3,
701-750,Texas Tech University,"Lubbock, United States",,,,,62.3,15.7,18.6
701-750,Universidad Adolfo Ibáñez,"Santiago, Chile",,,64.6,,47,,
701-750,Universidad de Antioquia,"Medellin, Colombia",,27.8,31.1,,,,
701-750,Universidad San Francisco de Quito (USFQ),"Quito, Ecuador",,,31.6,,64,,
701-750,Universidad Iberoamericana IBERO,"Mexico City, Mexico",,18.1,44.1,,,,
701-750,Universidade Federal de São Carlos (UFSCar),"São Paulo, Brazil",,,,33.8,,,
701-750,Universita' degli Studi di Ferrara,"Ferrara, Italy",,,,,,,58
701-750,University of Genoa,"Genoa, Italy",,17.6,,,,16.7,31.1
701-750,University of Siena,"Siena, Italy",,,,,,,32.3
701-750,University of Trieste,"Trieste, Italy",,,,,,15.2,32.3
701-750,Bielefeld University,"Bielefeld, Germany",,18.4,,,21.9,,
701-750,University Duesseldorf,"Düsseldorf, Germany",,,,,,22.2,32.7
701-750,Universität Rostock,"Rostock, Germany",,,,,,,51.1
701-750,Université de Rennes 1,"Rennes, France",,16.5,,23.9,18.3,18.6,
701-750,Universiti Tenaga Nasional (UNITEN),"Kajang, Malaysia",,,,43.8,15,15.2,
701-750,The University of Alabama,"Tuscaloosa, United States",,,20.6,,,,37.8
701-750,University of Brescia,"Brescia, Italy",,,,,,18.2,53.5
701-750,University of East London,"London, United Kingdom",,,,,87.1,88.6,
701-750,University of Greenwich,United Kingdom,,,,,81.5,96.3,
701-750,University of Huddersfield,"Huddersfield, United Kingdom",,,26.9,,52.4,71.2,
701-750,University of Kufa,"Kufa, Iraq",,,,46.1,,,
701-750,University of Patras,"Patras, Greece",,,,,,,38.1
701-750,University of Pecs,"Pécs, Hungary",,,,33.4,,52,
701-750,University of Tehran,"Tehran, Iran, Islamic Republic of",,17.7,,,,,32.3
701-750,University of Tulsa,"Tulsa, United States",,,,39.7,,75.6,
701-750,Viet Nam National University Ho Chi Minh City (VNU-HCM),"Ho Chi Minh City, Vietnam",,16.6,,41.2,,,
701-750,Yamaguchi University,"Yamaguchi City, Japan",,,,59.9,,,
701-750,Yokohama National University,"Yokohama City, Japan",,,,33.7,,,
701-750,Zayed University,"Dubai, United Arab Emirates",,,,30.4,100,,
751-800,Airlangga University,"Surabaya, Indonesia",,17,,26.1,,,
751-800,Anna University,"Chennai, India",,,,,,,42.6
751-800,Beijing Foreign Studies University,"Beijing, China (Mainland)",,,,43.2,33,31.5,
751-800,Beijing Jiaotong University,"Beijing, China (Mainland)",,,,25,,,19
751-800,Beijing University of Technology,"Beijing, China (Mainland)",,,,34.6,,,17
751-800,Comenius University in Bratislava,"Bratislava, Slovakia",,,,37.3,,18.4,
751-800,COMSATS University Islamabad,"Islamabad, Pakistan",,,22.3,36.8,,,
751-800,Technological University Dublin,"Dublin, Ireland",,,,,46.6,52.3,
751-800,Edith Cowan University,"Joondalup, Australia",,,,,64.6,76.8,
751-800,German Jordanian University,Jordan,,,,36.7,52,33.1,
751-800,Jamia Millia Islamia,India,,,,47.4,,,
751-800,Kansas State University,"Manhattan, United States",,,,,,,21.5
751-800,Karaganda State Technical University,"Karaganda, Kazakhstan",,,,58.6,,,
751-800,Kaunas University of Technology,"Kaunas, Lithuania",,,21.2,36.7,,,
751-800,Kent State University,"Kent, United States",,,,,21.7,19.7,35.6
751-800,London Metropolitan University,"London, United Kingdom",,,,,59.5,98.9,
751-800,London South Bank University,"London, United Kingdom",,,,,68,95.1,
751-800,"Manipal Academy of Higher Education, Manipal, Karnataka, India","Manipal, India",,,,52.3,,,
751-800,Middlesex University,"London, United Kingdom",,,,,84.3,50.7,
751-800,Nagoya Institute of Technology (NIT),"Nagoya, Japan",,,,,,,45.4
751-800,Lviv Polytechnic National University,Ukraine,,,,50.1,,,
751-800,New Jersey Institute of Technology (NJIT),"Newark, United States",,,,,20.9,67.3,23.8
751-800,Oklahoma State University,"Stillwater, United States",,,,,33.5,,22
751-800,Paris Lodron University of Salzburg,"Salzburg , Austria",,,,,,97.3,
751-800,Pontificia Universidad Católica de Valparaíso,"Valparaíso, Chile",,20.5,28.1,,,,
751-800,Riga Technical University,"Riga, Latvia",,,23.9,26.8,15.9,28.7,
751-800,Slovak University of Technology in Bratislava,"Bratislava, Slovakia",,,,47.1,,,
751-800,Sophia University,"Tokyo, Japan",,,18.9,24.7,34.7,22.8,
751-800,Sumy State University,"Sumy, Ukraine",,,,48.3,,34.2,
751-800,Tokyo University of Science,"Kagurazaka, Japan",,,,,,,24.8
751-800,Universidad Autónoma Metropolitana (UAM),"Mexico City, Mexico",,22.4,18,,,,
751-800,Universidad Central de Venezuela,"Caracas, Venezuela",,18.8,31.1,,,,
751-800,Universidad de Guadalajara (UDG),"Guadalajara, Mexico",,17.9,,28.8,,,
751-800,Universidad de las Américas Puebla (UDLAP),"Cholula, Mexico",,,19.5,31.4,47.9,,
751-800,Universidad Nacional Costa Rica,"Heredia, Costa Rica",,,24.3,32.9,,,
751-800,Universidad Panamericana (UP),"Mexico City, Mexico",,,19.7,45.5,,,
751-800,Universidade Católica Portuguesa - UCP,"Lisbon, Portugal",,,26.8,,,20.4,
751-800,Universidade de Brasília,"Brasília, Brazil",,22.5,,,,,
751-800,Universidade Federal de Santa Catarina,"Florianópolis, Brazil",,18.8,,24.1,,,
751-800,Ca' Foscari University of Venice,"Venice, Italy",,,23.3,,24.3,,21.2
751-800,Università degli Studi di Perugia,"Perugia, Italy",,,,,,,44.2
751-800,Universiti Teknologi MARA - UiTM,"Shah Alam, Malaysia",,18.1,26.3,,,,
751-800,University of Brighton,United Kingdom,,,,,61.7,61.9,
751-800,University of Central Florida,"Orlando, United States",,,,,16.1,,25.7
751-800,University of Electronic Science and Technology of China,"Chengdu, China (Mainland)",,,,34.2,25.1,,22.7
751-800,University of Hertfordshire,"Hatfield, United Kingdom",,,,,59.3,79.1,
751-800,University of Kwazulu-Natal,"Pinetown, South Africa",,,,,49.2,,20.1
751-800,University of New Hampshire,"Durham, United States",,,,26.7,,,30.3
751-800,University of Salford,"Salford, United Kingdom",,,,,31.2,68.6,
751-800,University of Southern Queensland,"Toowoomba, Australia",,,,,71.5,20.7,21.4
801-1000,"Adam Mickiewicz University, Poznań","Poznań, Poland",,,,23.5,,,
801-1000,AGH University of Science and Technology,"Krakow, Poland",,,,35,,,
801-1000,Ajman University,"Ajman, United Arab Emirates",,,,,100,100,
801-1000,Al Akhawayn University Ifrane,"Ifranne, Morocco",,,,,90.9,,
801-1000,Al-Azhar University,"Cairo, Egypt",,,,,,31.8,
801-1000,Alexandria University,"Alexandria, Egypt",,,32.9,,,,
801-1000,Alexandru Ioan Cuza University,"Iași, Romania",,,,,,,
801-1000,Aligarh Muslim University,"Aligarh, India",,,,32.8,,,
801-1000,Al Imam Mohammad Ibn Saud Islamic University,"Riyadh, Saudi Arabia",,,,,90.1,,
801-1000,Amity University,"Noida, India",,,,,,23.1,
801-1000,Amrita Vishwa Vidyapeetham,"Amritapuri, India",,,,35.5,51.4,,
801-1000,Ankara Üniversitesi,"Ankara, Turkey",,,,,,,
801-1000,Aoyama Gakuin University,"Tokyo, Japan",,,,,,,
801-1000,Assiut University,"Asyut, Egypt",,,,23.8,,,
801-1000,Athens University of Economics and Business,"Athens, Greece",,,32.2,,,,17.8
801-1000,Auburn University,"Auburn, United States",,,,,,15.7,22.1
801-1000,Australian Catholic University,"Melbourne, Australia",,,,,34.3,33.6,
801-1000,Babes-Bolyai University,"Cluj-Napoca, Romania",,,,,,,
801-1000,Baku State University,"Baku, Azerbaijan",,,,38.4,,,
801-1000,Banaras Hindu University,"Varanasi, India",,,,,,,18.8
801-1000,Bangladesh University of Engineering and Technology,"Dhaka, Bangladesh",,,32.3,,,,
801-1000,Baylor University,"Waco, United States",,,,,,,16.9
801-1000,Belarusian National Technical University (BNTU),"Minsk, Belarus",,,20.3,39,,,
801-1000,Benemérita Universidad Autónoma de Puebla,"Puebla, Mexico",,,,,,,
801-1000,Binghamton University SUNY,"Binghamton, United States",,,,,15.3,36.8,25.2
801-1000,"Birla Institute of Technology and Science, Pilani","Pilani, India",,,,,,,
801-1000,Birzeit university,"Birzeit, Palestinian Territory, Occupied",,,,,15.3,,
801-1000,Brigham Young University,"Provo, United States",,,26.3,,,,23.3
801-1000,Budapest University of Technology and Economics,"Budapest, Hungary",,,20.4,,,,
801-1000,Central South University,China (Mainland),,,,,,,36.2
801-1000,Charles Sturt University,"Thurgoona, Australia",,,,,19.3,67,
801-1000,Chongqing University,"Chongqing, China (Mainland)",,,,,,,29.7
801-1000,Corvinus University of Budapest,"Budapest, Hungary",,,25.9,,,34.1,
801-1000,Cracow University of Technology (Politechnika Krakowska),"Krakow, Poland",,,,32.8,,,
801-1000,De La Salle University,"Manila, Philippines",,,31.4,,,,
801-1000,Diponegoro University,"Semarang, Indonesia",,,,,,,
801-1000,Doshisha University,"Kyoto, Japan",,,,,23.7,,
801-1000,Edinburgh Napier University,"Edinburgh, United Kingdom",,,,,41.7,92.5,
801-1000,Escuela Superior Politécnica del Litoral (ESPOL),"Guayaquil, Ecuador",,,26,27.1,18.1,,
801-1000,Feng Chia University,"Taichung City, Taiwan",,,,,,15.8,
801-1000,Florida International University,"Miami, United States",,,,,21.1,16.4,20.8
801-1000,Fordham University,"New York City, United States",,,,26.7,32.7,35.1,
801-1000,Fu Jen Catholic University,"New Taipei City, Taiwan",,,,,,,
801-1000,Gazi Üniversitesi,"Ankara, Turkey",,,,,,,
801-1000,George Mason University,"Fairfax, United States",,,,,,16.1,21
801-1000,Hacettepe University,"Ankara, Turkey",,,,,,,
801-1000,Istanbul University,"Istanbul, Turkey",,17,18.6,,,,
801-1000,Kasetsart University,"Bangkok, Thailand",,21.9,,,,,
801-1000,Kazakh Ablai Khan University of International Relations and World Languages,"Almaty, Kazakhstan",,,,48.7,,,
801-1000,Khon Kaen University,"Khon Kaen, Thailand",,,,,,,
801-1000,King Faisal University,"Hofuf, Saudi Arabia",,,,,100,,
801-1000,King Mongkut's University of Technology Thonburi,"Bangkok, Thailand",,,,,,,
801-1000,Kuwait University,"Kuwait City, Kuwait",,,,,56.4,35,
801-1000,Kyoto Institute of Technology,"Kyoto, Japan",,,,29,,,16.6
801-1000,Kyushu Institute of Technology,"Kitakyushu, Japan",,,,,15,,25.3
801-1000,Lodz University of Technology,"Lodz, Poland",,,,35.6,,,
801-1000,Loyola University Chicago,"Chicago, United States",,,,31.1,,,
801-1000,Manchester Metropolitan University (MMU),"Manchester , United Kingdom",,,,,40.4,37,
801-1000,Marquette University,"Milwaukee, United States",,,,31.4,,,
801-1000,Meiji University,"Tokyo, Japan",,,,,,,
801-1000,Miami University,"Oxford, United States",,,,,,27.2,
801-1000,Multimedia University (MMU),"Cyberjaya, Malaysia",,,,,24.6,22.7,
801-1000,Mustansiriyah University,"Baghdad, Iraq",,,,30.8,,,
801-1000,National Chung Cheng University,"Minxiong Township, Taiwan",,,,,,,20.1
801-1000,Nicolaus Copernicus University,"Toruń, Poland",,,,37.5,,,
801-1000,North-West University,"Potchefstroom, South Africa",,,,,,,
801-1000,Nottingham Trent University,"Nottingham, United Kingdom",,,30.6,,47.8,26.5,
801-1000,Novosibirsk State Technical University,"Novosibirsk, Russia",,,,,,44.7,
801-1000,Ochanomizu University,"Tokyo, Japan",,,,,,,
801-1000,Ohio University,"Athens, United States",,,,,,,
801-1000,Plekhanov Russian University of Economics,"Moscow, Russia",,,19.3,40.6,,18.3,
801-1000,Pontificia Universidad Católica del Ecuador (PUCE),"Quito, Ecuador",,,,33,17.9,,
801-1000,Pontifícia Universidade Católica do Rio Grande do Sul (PUCRS),"Porto Alegre, Brazil",,,,,,,
801-1000,Poznań University of Technology,Poland,,,,,,,
801-1000,Prince of Songkla University,"Hat Yai, Thailand",,16.9,,,,,
801-1000,Rhodes University,"Grahamstown, South Africa",,,,,,51.6,23.9
801-1000,Riga Stradins University,"Riga, Latvia",,,,,,78.5,
801-1000,Ritsumeikan University,"Kyoto, Japan",,,22.3,,34.6,,
801-1000,Ryerson University,"Toronto, Canada",,,23,,,,32.1
801-1000,Saitama University,"Saitama City, Japan",,,,27.5,15.2,,21.6
801-1000,San Diego State University,"San Diego , United States",,,,,,,28.4
801-1000,Savitribai Phule Pune University,"Pune, India",,,,25.8,,,
801-1000,Seoul National University of Science and Technology,"Seoul, South Korea",,,,,,,
801-1000,Institut Teknologi Sepuluh Nopember (ITS Surabaya),"Surabaya, Indonesia",,,,,31.3,,
801-1000,Shahid Beheshti University (SBU),"Tehran, Iran, Islamic Republic of",,,,,,,21.9
801-1000,Shinshu University,"Matsumoto City, Japan",,,,35.3,,,18.9
801-1000,Shiraz University,"Shiraz, Iran, Islamic Republic of",,,,,,,35.2
801-1000,"Siberian Federal University, SibFU","Krasnoyarsk, Russia",,,,,,,
801-1000,"Sofia University ""St. Kliment Ohridski""","Sofia, Bulgaria",,,18.3,35.2,,,
801-1000,South Ural State University (National Research University),"Chelyabinsk, Russia",,,,46.8,,20.7,
801-1000,Southern Cross University,"Lismore, Australia",,,,,31.7,59.6,30.7
801-1000,Tallinn University,"Tallinn, Estonia",,,,,64.1,17.5,
801-1000,Technical University of Kosice,"Košice, Slovakia",,,,39,,,
801-1000,Tecnológico de Costa Rica -TEC,"Cartago, Costa Rica",,,20.5,35.4,,,
801-1000,Thapar Institute of Engineering & Technology,"Patiala, India",,,,,,,18.9
801-1000,Robert Gordon University,"Aberdeen, United Kingdom",,,,,53.1,67.6,
801-1000,Tokai University,"Hiratsuka City, Japan",,,,,,,
801-1000,Universidad Austral de Chile,"Valdivia, Chile",,,,,19.1,,
801-1000,Universidad Autónoma de Nuevo León,"San Nicolás de los Garza, Mexico",,16.6,,,,,
801-1000,Universidad Autónoma del Estado de México (UAEMex),"Toluca de Lerdo, Mexico",,18.7,,,,,
801-1000,Universidad Católica Andres Bello,"Guayana City, Venezuela",,17.8,51.1,,,,
801-1000,Universidad de Castilla-La Mancha,"Ciudad Real, Spain",,,,25.6,,,
801-1000,Universidad de la República (Udelar),"Montevideo, Uruguay",,,,24.4,,,
801-1000,Universidad de La Sabana,"Bogotá, Colombia",,,35.8,,,,
801-1000,Universidad de Los Andes - (ULA) Mérida,"Merida, Venezuela",,,,,,,
801-1000,Universidad de Monterrey (UDEM),"San Pedro Garza García, Mexico",,,,,15.8,,
801-1000,University of Murcia,"Murcia, Spain",,,,,,,
801-1000,Universidad de Oviedo,"Oviedo, Spain",,,,,,,16.9
801-1000,Universidad de Puerto Rico,"San Juan, Puerto Rico",,,,,,,
801-1000,Universidad de Talca,"Talca, Chile",,,,,25.1,,
801-1000,Universidad de Valparaíso (UV),"Valparaíso, Chile",,,,,,,
801-1000,Universidad del Norte,"Barranquilla, Colombia",,,,,,,
801-1000,Universidad del Rosario,"Bogotá, Colombia",,,25.8,,19.1,,
801-1000,Universidad del Valle,"Cali, Colombia",,19,,,,,
801-1000,Universidad Diego Portales (UDP),"Santiago, Chile",,,30.1,,18.2,,
801-1000,Universidad EAFIT,"Medellin, Colombia",,,62.5,,,,
801-1000,Universidad Industrial de Santander - UIS,"Bucaramanga, Colombia",,,,,,,
801-1000,"ULACIT - Universidad Latinoamericana de Ciencia y Tecnología, Costa Rica","San José, Costa Rica",,,,26,,,
801-1000,Universidad Metropolitana,"Caracas, Venezuela",,,19.1,,15.4,,
801-1000,Universidad Nacional de Córdoba - UNC,"Córdoba, Argentina",,22.3,,,,,
801-1000,Universidad Nacional de Cuyo,"Mendoza, Argentina",,,,,,16.4,
801-1000,Universidad Nacional de Mar del Plata,"Mar del Plata, Argentina",,,,37.7,,,
801-1000,Universidad Nacional de Rosario (UNR),"Rosario, Argentina",,18.4,,,,,
801-1000,Universidad Nacional del Litoral,"Santa Fe, Argentina",,,,,,,
801-1000,Universidad Nacional Mayor de San Marcos,"Lima, Peru",,18,,,,,
801-1000,Universidad Peruana Cayetano Heredia (UPCH),"San Martin, Peru",,,,,40.3,,
801-1000,Universidad Rey Juan Carlos,"Madrid, Spain",,,22.3,,,16.9,
801-1000,Universidad Simón Bolívar (USB),"Caracas, Venezuela",,,21.6,,,,
801-1000,Universidad Técnica Federico Santa María (USM),"Valparaíso, Chile",,,33,,20.7,,
801-1000,Universidad Tecnológica de Panamá (UTP),"Panama City, Panama",,,28.6,,,,
801-1000,Universidad Tecnológica Nacional (UTN),"Buenos Aires, Argentina",,,28.9,35.5,,,
801-1000,Universidade da Coruña,"A Coruña, Spain",,,,41.1,,,
801-1000,Universidade de Vigo,Spain,,,,,,,22.8
801-1000,Universidade do Estado do Rio de Janeiro (UERJ),"Rio de Janeiro, Brazil",,,,28.2,,,
801-1000,Universidade Estadual de Londrina,"Londrina, Brazil",,,,44.4,,,
801-1000,Universidade Federal da Bahia,"Salvador, Brazil",,,,,,,
801-1000,Universidade Federal de Santa Maria,"Frederico Westphalen, Brazil",,,,,,,
801-1000,Universidade Federal de Viçosa (UFV),"Viçosa, Brazil",,,,24.5,,,
801-1000,Universidade Federal do Ceará (UFC),"Fortaleza, Brazil",,,,,,,
801-1000,Universidade Federal do Paraná - UFPR,"Curitiba, Brazil",,,,,,,
801-1000,Universidade Federal de Pernambuco (UFPE),"Recife, Brazil",,,,28.8,,,
801-1000,Universidade Federal Fluminense,"Rio de Janeiro, Brazil",,,,37.3,,,
801-1000,Catania University,"Catania, Italy",,,,,,,29.9
801-1000,University of Modena and Reggio Emilia,"Modena, Italy",,,,,,,33.8
801-1000,Università degli studi Roma Tre,"Rome, Italy",,16.8,,,,,21.4
801-1000,University of Palermo,"Palermo, Italy",,,,,,,22.7
801-1000,Université de Caen Normandie,"Caen, France",,,,,,,
801-1000,Université de Cergy-Pontoise,"Cergy, France",,,,,30.3,31.9,
801-1000,Université de Nantes,"Nantes, France",,,,,20.2,23.6,
801-1000,Université de Poitiers,"Poitiers, France",,,,,,40.5,
801-1000,Université Jean Moulin Lyon 3,"Lyon, France",,,,,26,41.4,
801-1000,Université Lumière Lyon 2,"Lyon, France",,,,,26,23.9,
801-1000,Université Paris-Nanterre,"Paris, France",,,,,,20.1,
801-1000,Paul Valéry University Montpellier,"Montpellier, France",,,,,20.5,80.5,
801-1000,Université Toulouse 1 Capitole,"Toulouse, France",,,,,43.1,65.3,
801-1000,University of Babylon,"Hillah, Iraq",,,,30.5,,,
801-1000,University of Bahrain,"Zallaq, Bahrain",,,23.1,,98.1,23.1,
801-1000,University of Bari,"Bari, Italy",,,,,,,22.9
801-1000,University of Belgrade,"Belgrade, Serbia",,,,,,,
801-1000,Universitas Brawijaya,"Malang , Indonesia",,,,,,,
801-1000,University of Bucharest,"Bucharest, Romania",,17,,,,,
801-1000,University of Calcutta,"Kolkata, India",,,,,,,24.8
801-1000,University of Central Lancashire,"Preston, United Kingdom",,,,,36.2,48.9,
801-1000,University of Colombo,"Horana, Sri Lanka",,,20.4,,,,
801-1000,University of Dhaka,"Dhaka, Bangladesh",,,29.9,,,,
801-1000,University of Engineering & Technology (UET) Lahore,"Lahore, Pakistan",,,25.3,,,14.8,
801-1000,UNIVERSITY OF GDANSK,"Gdańsk, Poland",,,,,,,
801-1000,University of Latvia,"Riga, Latvia",,,,26.6,,,
801-1000,University of Lodz,"Lodz, Poland",,,,,,,
801-1000,University of Maribor,"Maribor, Slovenia",,,,33.3,,,
801-1000,University of Mississippi,"Oxford, United States",,,,38.2,,,
801-1000,University of Montana Missoula,"Missoula , United States",,,,23.9,,,19.8
801-1000,University of Mumbai,"Mumbai, India",,,34.1,,,,
801-1000,University of Nairobi,"Nairobi, Kenya",,,,,,,
801-1000,University of New England Australia,"Armidale, Australia",,,,,19.3,,24.1
801-1000,University of San Diego,"San Diego, United States",,,,30.3,,16.1,
801-1000,University of San Francisco,"San Francisco, United States",,,,,,44.5,
801-1000,University of Santo Tomas,"Manila, Philippines",,,23.5,,,,
801-1000,University of Silesia in Katowice,"Katowice, Poland",,,,35.3,,,
801-1000,University of the Pacific,"Stockton, United States",,,,51.8,,,
801-1000,University of the Punjab,"Lahore, Pakistan",,,22.1,,,,
801-1000,University of the Sunshine Coast,"Sunshine Coast, Australia",,,,,19.3,41.2,20.4
801-1000,University of the Western Cape,"Cape Town, South Africa",,,,,34.4,14.8,20.7
801-1000,University of Wroclaw,"Wroclaw, Poland",,,,,,,
801-1000,University of Zagreb,"Zagreb, Croatia",,,,28.7,,,
801-1000,University POLITEHNICA of Bucharest,"Bucharest, Romania",,,,,,,
801-1000,Université de Toulouse II-Le Mirail,"Toulouse, France",,,,,37.1,53.5,
801-1000,Utah State University,"Logan, United States",,,,,,,33.5
801-1000,Vellore Institute of Technology (VIT),"Vellore, India",,,,29.6,,,
801-1000,Verona University,"Verona, Italy",,,,,,,26.4
801-1000,"Vietnam National University, Hanoi","Hanoi, Vietnam",,,17.9,25.3,,,
801-1000,Voronezh State University,"Voronezh , Russia",,,,40.2,,18.1,
801-1000,Vytautas Magnus University,"Kaunas, Lithuania",,,,,28.1,,
801-1000,Universitatea de Vest din Timisoara /  West University of Timisoara,"Timișoara, Romania",,,,,,,
801-1000,Wroclaw University of Science and Technology (WRUST),"Wroclaw , Poland",,,17.9,,,,
801-1000,Yeungnam University,"Gyeongsan, South Korea",,,,,27.8,,19.1
N/A,Baylor College of Medicine,"Houston, United States",,,19.9,100,,31.1,17.3
N/A,BI Norwegian Business School,"Oslo, Norway",,,,,84.1,20.5,
N/A,Central European University,"Vienna, Austria",,17.5,21.1,95.1,100,100,29.8
N/A,Copenhagen Business School,"Frederiksberg, Denmark",,,24.6,,88.8,73.1,39.2
N/A,Cranfield University,"Bedford, United Kingdom",,,26.6,99.8,97.7,100,51.1
N/A,ESSEC Business School,"Cergy, France",,,77.1,,99.7,92.4,32.7
N/A,Institut polytechnique de Grenoble - Grenoble Institute of Technology,"Grenoble, France",,,35.2,,34.5,74.1,
N/A,HEC Paris School of Management,"Paris, France",,18.7,96,,100,100,66.5
N/A,INSEAD,"Fontainebleau, France",,27.8,93.8,78.7,100,100,56.6
N/A,Jawaharlal Nehru University,"New Delhi, India",,30,,58.4,,,
N/A,Karolinska Institutet,"Stockholm, Sweden",,43.3,,99.8,89.9,51,89.3
N/A,King Abdullah University of Science & Technology (KAUST),"Thuwal, Saudi Arabia",,20.8,,88.5,100,100,100
N/A,London Business School,"London, United Kingdom",,30.8,94.5,,100,100,94.5
N/A,Stockholm School of Economics,Sweden,,,34.7,,89.1,32.5,54.3
N/A,Bocconi University,"Milan, Italy",,22.9,87.2,,35.2,23.7,20.2
N/A,Université de Technologie de Compiègne (UTC),"Compiègne, France",,,24,36.9,,38.3,24.6
N/A,"University of California, San Francisco","San Francisco, United States",,51.5,21.8,100,48,,61.1
N/A,Prague University of Economics and Business,"Prague, Czech Republic",,,25.2,,,71.2,
N/A,Weizmann Institute of Science,"Rehovot, Israel",,21.7,,100,,,99.5
N/A,WHU - Otto Beisheim School of Management,"Vallendar, Germany",,,27.9,,83,61.7,66.8